variable,Country Code,value_projected,income_classification
2025,AFE,1627.24,LMIC
2026,AFE,1651.1,LMIC
2027,AFE,1674.96,LMIC
2028,AFE,1698.81,LMIC
2029,AFE,1722.67,LMIC
2030,AFE,1746.53,LMIC
2031,AFE,1770.38,LMIC
2032,AFE,1794.24,LMIC
2033,AFE,1818.1,LMIC
2034,AFE,1841.95,LMIC
2035,AFE,1865.81,LMIC
2025,AFW,1811.89,LMIC
2026,AFW,1840.15,LMIC
2027,AFW,1868.4,LMIC
2028,AFW,1896.65,LMIC
2029,AFW,1924.9,LMIC
2030,AFW,1953.15,LMIC
2031,AFW,1981.4,LMIC
2032,AFW,2009.66,LMIC
2033,AFW,2037.91,LMIC
2034,AFW,2066.16,LMIC
2035,AFW,2094.41,LMIC
2025,ARG,12660.67,UMIC
2026,ARG,12867.57,UMIC
2027,ARG,13074.47,UMIC
2028,ARG,13281.37,UMIC
2029,ARG,13488.28,UMIC
2030,ARG,13695.18,UMIC
2031,ARG,13902.08,UMIC
2032,ARG,14108.98,HIC
2033,ARG,14315.88,HIC
2034,ARG,14522.78,HIC
2035,ARG,14729.69,HIC
2025,AUS,60514.15,HIC
2026,AUS,61590.99,HIC
2027,AUS,62667.83,HIC
2028,AUS,63744.67,HIC
2029,AUS,64821.52,HIC
2030,AUS,65898.36,HIC
2031,AUS,66975.2,HIC
2032,AUS,68052.04,HIC
2033,AUS,69128.88,HIC
2034,AUS,70205.72,HIC
2035,AUS,71282.56,HIC
2025,AUT,56546.56,HIC
2026,AUT,57529.97,HIC
2027,AUT,58513.37,HIC
2028,AUT,59496.78,HIC
2029,AUT,60480.19,HIC
2030,AUT,61463.6,HIC
2031,AUT,62447.01,HIC
2032,AUT,63430.41,HIC
2033,AUT,64413.82,HIC
2034,AUT,65397.23,HIC
2035,AUT,66380.64,HIC
2025,BDI,238.04,LIC
2026,BDI,240.4,LIC
2027,BDI,242.77,LIC
2028,BDI,245.14,LIC
2029,BDI,247.5,LIC
2030,BDI,249.87,LIC
2031,BDI,252.24,LIC
2032,BDI,254.6,LIC
2033,BDI,256.97,LIC
2034,BDI,259.34,LIC
2035,BDI,261.7,LIC
2025,BEL,53305.84,HIC
2026,BEL,54218.65,HIC
2027,BEL,55131.47,HIC
2028,BEL,56044.29,HIC
2029,BEL,56957.11,HIC
2030,BEL,57869.92,HIC
2031,BEL,58782.74,HIC
2032,BEL,59695.56,HIC
2033,BEL,60608.38,HIC
2034,BEL,61521.19,HIC
2035,BEL,62434.01,HIC
2025,BEN,1214.54,LMIC
2026,BEN,1235.29,LMIC
2027,BEN,1256.03,LMIC
2028,BEN,1276.78,LMIC
2029,BEN,1297.52,LMIC
2030,BEN,1318.27,LMIC
2031,BEN,1339.02,LMIC
2032,BEN,1359.76,LMIC
2033,BEN,1380.51,LMIC
2034,BEN,1401.25,LMIC
2035,BEN,1422.0,LMIC
2025,BFA,779.99,LIC
2026,BFA,792.77,LIC
2027,BFA,805.54,LIC
2028,BFA,818.32,LIC
2029,BFA,831.1,LIC
2030,BFA,843.87,LIC
2031,BFA,856.65,LIC
2032,BFA,869.43,LIC
2033,BFA,882.2,LIC
2034,BFA,894.98,LIC
2035,BFA,907.76,LIC
2025,BGD,1597.34,LMIC
2026,BGD,1627.75,LMIC
2027,BGD,1658.15,LMIC
2028,BGD,1688.55,LMIC
2029,BGD,1718.95,LMIC
2030,BGD,1749.35,LMIC
2031,BGD,1779.75,LMIC
2032,BGD,1810.15,LMIC
2033,BGD,1840.55,LMIC
2034,BGD,1870.95,LMIC
2035,BGD,1901.35,LMIC
2025,BHS,36208.75,HIC
2026,BHS,36827.54,HIC
2027,BHS,37446.34,HIC
2028,BHS,38065.13,HIC
2029,BHS,38683.92,HIC
2030,BHS,39302.72,HIC
2031,BHS,39921.51,HIC
2032,BHS,40540.3,HIC
2033,BHS,41159.09,HIC
2034,BHS,41777.89,HIC
2035,BHS,42396.68,HIC
2025,BLZ,7315.81,UMIC
2026,BLZ,7437.47,UMIC
2027,BLZ,7559.12,UMIC
2028,BLZ,7680.78,UMIC
2029,BLZ,7802.44,UMIC
2030,BLZ,7924.1,UMIC
2031,BLZ,8045.75,UMIC
2032,BLZ,8167.41,UMIC
2033,BLZ,8289.07,UMIC
2034,BLZ,8410.73,UMIC
2035,BLZ,8532.38,UMIC
2025,BMU,122710.25,HIC
2026,BMU,124962.65,HIC
2027,BMU,127215.05,HIC
2028,BMU,129467.46,HIC
2029,BMU,131719.86,HIC
2030,BMU,133972.26,HIC
2031,BMU,136224.66,HIC
2032,BMU,138477.07,HIC
2033,BMU,140729.47,HIC
2034,BMU,142981.87,HIC
2035,BMU,145234.27,HIC
2025,BOL,2985.77,LMIC
2026,BOL,3038.54,LMIC
2027,BOL,3091.3,LMIC
2028,BOL,3144.07,LMIC
2029,BOL,3196.83,LMIC
2030,BOL,3249.6,LMIC
2031,BOL,3302.36,LMIC
2032,BOL,3355.13,LMIC
2033,BOL,3407.89,LMIC
2034,BOL,3460.65,LMIC
2035,BOL,3513.42,LMIC
2025,BRA,10272.51,UMIC
2026,BRA,10455.34,UMIC
2027,BRA,10638.17,UMIC
2028,BRA,10821.0,UMIC
2029,BRA,11003.82,UMIC
2030,BRA,11186.65,UMIC
2031,BRA,11369.48,UMIC
2032,BRA,11552.3,UMIC
2033,BRA,11735.13,UMIC
2034,BRA,11917.96,UMIC
2035,BRA,12100.79,UMIC
2025,BRB,22290.82,HIC
2026,BRB,22683.31,HIC
2027,BRB,23075.81,HIC
2028,BRB,23468.3,HIC
2029,BRB,23860.8,HIC
2030,BRB,24253.29,HIC
2031,BRB,24645.79,HIC
2032,BRB,25038.28,HIC
2033,BRB,25430.78,HIC
2034,BRB,25823.27,HIC
2035,BRB,26215.77,HIC
2025,BWA,7684.46,UMIC
2026,BWA,7823.1,UMIC
2027,BWA,7961.75,UMIC
2028,BWA,8100.4,UMIC
2029,BWA,8239.05,UMIC
2030,BWA,8377.69,UMIC
2031,BWA,8516.34,UMIC
2032,BWA,8654.99,UMIC
2033,BWA,8793.63,UMIC
2034,BWA,8932.28,UMIC
2035,BWA,9070.93,UMIC
2025,CAF,514.16,LIC
2026,CAF,520.62,LIC
2027,CAF,527.08,LIC
2028,CAF,533.53,LIC
2029,CAF,539.99,LIC
2030,CAF,546.45,LIC
2031,CAF,552.9,LIC
2032,CAF,559.36,LIC
2033,CAF,565.82,LIC
2034,CAF,572.27,LIC
2035,CAF,578.73,LIC
2025,CAN,53511.68,HIC
2026,CAN,54414.13,HIC
2027,CAN,55316.58,HIC
2028,CAN,56219.03,HIC
2029,CAN,57121.48,HIC
2030,CAN,58023.93,HIC
2031,CAN,58926.38,HIC
2032,CAN,59828.82,HIC
2033,CAN,60731.27,HIC
2034,CAN,61633.72,HIC
2035,CAN,62536.17,HIC
2025,CHE,95441.73,HIC
2026,CHE,97096.22,HIC
2027,CHE,98750.71,HIC
2028,CHE,100405.2,HIC
2029,CHE,102059.69,HIC
2030,CHE,103714.18,HIC
2031,CHE,105368.67,HIC
2032,CHE,107023.16,HIC
2033,CHE,108677.65,HIC
2034,CHE,110332.14,HIC
2035,CHE,111986.63,HIC
2025,CHL,14728.93,HIC
2026,CHL,14998.89,HIC
2027,CHL,15268.86,HIC
2028,CHL,15538.82,HIC
2029,CHL,15808.79,HIC
2030,CHL,16078.75,HIC
2031,CHL,16348.71,HIC
2032,CHL,16618.68,HIC
2033,CHL,16888.64,HIC
2034,CHL,17158.6,HIC
2035,CHL,17428.57,HIC
2025,CHN,8271.17,UMIC
2026,CHN,8442.1,UMIC
2027,CHN,8613.02,UMIC
2028,CHN,8783.95,UMIC
2029,CHN,8954.88,UMIC
2030,CHN,9125.8,UMIC
2031,CHN,9296.73,UMIC
2032,CHN,9467.66,UMIC
2033,CHN,9638.58,UMIC
2034,CHN,9809.51,UMIC
2035,CHN,9980.44,UMIC
2025,CIV,2141.76,LMIC
2026,CIV,2174.6,LMIC
2027,CIV,2207.44,LMIC
2028,CIV,2240.27,LMIC
2029,CIV,2273.11,LMIC
2030,CIV,2305.95,LMIC
2031,CIV,2338.79,LMIC
2032,CIV,2371.63,LMIC
2033,CIV,2404.47,LMIC
2034,CIV,2437.31,LMIC
2035,CIV,2470.14,LMIC
2025,CMR,1744.25,LMIC
2026,CMR,1770.12,LMIC
2027,CMR,1796.0,LMIC
2028,CMR,1821.87,LMIC
2029,CMR,1847.74,LMIC
2030,CMR,1873.62,LMIC
2031,CMR,1899.49,LMIC
2032,CMR,1925.36,LMIC
2033,CMR,1951.23,LMIC
2034,CMR,1977.11,LMIC
2035,CMR,2002.98,LMIC
2025,COD,416.41,LIC
2026,COD,419.11,LIC
2027,COD,421.82,LIC
2028,COD,424.53,LIC
2029,COD,427.23,LIC
2030,COD,429.94,LIC
2031,COD,432.64,LIC
2032,COD,435.35,LIC
2033,COD,438.06,LIC
2034,COD,440.76,LIC
2035,COD,443.47,LIC
2025,COG,2806.24,LMIC
2026,COG,2852.74,LMIC
2027,COG,2899.24,LMIC
2028,COG,2945.74,LMIC
2029,COG,2992.24,LMIC
2030,COG,3038.74,LMIC
2031,COG,3085.24,LMIC
2032,COG,3131.74,LMIC
2033,COG,3178.24,LMIC
2034,COG,3224.74,LMIC
2035,COG,3271.24,LMIC
2025,COL,6898.17,UMIC
2026,COL,7021.98,UMIC
2027,COL,7145.79,UMIC
2028,COL,7269.6,UMIC
2029,COL,7393.4,UMIC
2030,COL,7517.21,UMIC
2031,COL,7641.02,UMIC
2032,COL,7764.83,UMIC
2033,COL,7888.63,UMIC
2034,COL,8012.44,UMIC
2035,COL,8136.25,UMIC
2025,CRI,11963.01,UMIC
2026,CRI,12188.46,UMIC
2027,CRI,12413.91,UMIC
2028,CRI,12639.36,UMIC
2029,CRI,12864.81,UMIC
2030,CRI,13090.26,UMIC
2031,CRI,13315.71,UMIC
2032,CRI,13541.17,UMIC
2033,CRI,13766.62,UMIC
2034,CRI,13992.07,HIC
2035,CRI,14217.52,HIC
2025,CSS,15423.84,HIC
2026,CSS,15698.63,HIC
2027,CSS,15973.41,HIC
2028,CSS,16248.2,HIC
2029,CSS,16522.99,HIC
2030,CSS,16797.78,HIC
2031,CSS,17072.56,HIC
2032,CSS,17347.35,HIC
2033,CSS,17622.14,HIC
2034,CSS,17896.93,HIC
2035,CSS,18171.71,HIC
2025,DEU,53845.66,HIC
2026,DEU,54762.28,HIC
2027,DEU,55678.9,HIC
2028,DEU,56595.52,HIC
2029,DEU,57512.14,HIC
2030,DEU,58428.76,HIC
2031,DEU,59345.38,HIC
2032,DEU,60261.99,HIC
2033,DEU,61178.61,HIC
2034,DEU,62095.23,HIC
2035,DEU,63011.85,HIC
2025,DNK,69778.44,HIC
2026,DNK,70980.08,HIC
2027,DNK,72181.72,HIC
2028,DNK,73383.35,HIC
2029,DNK,74584.99,HIC
2030,DNK,75786.63,HIC
2031,DNK,76988.26,HIC
2032,DNK,78189.9,HIC
2033,DNK,79391.54,HIC
2034,DNK,80593.17,HIC
2035,DNK,81794.81,HIC
2025,DOM,7616.42,UMIC
2026,DOM,7758.24,UMIC
2027,DOM,7900.06,UMIC
2028,DOM,8041.88,UMIC
2029,DOM,8183.7,UMIC
2030,DOM,8325.52,UMIC
2031,DOM,8467.34,UMIC
2032,DOM,8609.16,UMIC
2033,DOM,8750.98,UMIC
2034,DOM,8892.79,UMIC
2035,DOM,9034.61,UMIC
2025,DZA,5250.69,UMIC
2026,DZA,5335.0,UMIC
2027,DZA,5419.31,UMIC
2028,DZA,5503.62,UMIC
2029,DZA,5587.93,UMIC
2030,DZA,5672.24,UMIC
2031,DZA,5756.55,UMIC
2032,DZA,5840.86,UMIC
2033,DZA,5925.17,UMIC
2034,DZA,6009.48,UMIC
2035,DZA,6093.79,UMIC
2025,EAP,6734.09,UMIC
2026,EAP,6871.15,UMIC
2027,EAP,7008.2,UMIC
2028,EAP,7145.26,UMIC
2029,EAP,7282.32,UMIC
2030,EAP,7419.37,UMIC
2031,EAP,7556.43,UMIC
2032,EAP,7693.48,UMIC
2033,EAP,7830.54,UMIC
2034,EAP,7967.6,UMIC
2035,EAP,8104.65,UMIC
2025,EAR,3572.4,LMIC
2026,EAR,3635.28,LMIC
2027,EAR,3698.16,LMIC
2028,EAR,3761.05,LMIC
2029,EAR,3823.93,LMIC
2030,EAR,3886.81,LMIC
2031,EAR,3949.69,LMIC
2032,EAR,4012.57,LMIC
2033,EAR,4075.45,LMIC
2034,EAR,4138.33,LMIC
2035,EAR,4201.21,LMIC
2025,EAS,10919.42,UMIC
2026,EAS,11122.77,UMIC
2027,EAS,11326.11,UMIC
2028,EAS,11529.46,UMIC
2029,EAS,11732.8,UMIC
2030,EAS,11936.15,UMIC
2031,EAS,12139.49,UMIC
2032,EAS,12342.83,UMIC
2033,EAS,12546.18,UMIC
2034,EAS,12749.52,UMIC
2035,EAS,12952.87,UMIC
2025,ECS,28548.29,HIC
2026,ECS,29046.35,HIC
2027,ECS,29544.41,HIC
2028,ECS,30042.47,HIC
2029,ECS,30540.53,HIC
2030,ECS,31038.59,HIC
2031,ECS,31536.65,HIC
2032,ECS,32034.71,HIC
2033,ECS,32532.76,HIC
2034,ECS,33030.82,HIC
2035,ECS,33528.88,HIC
2025,ECU,5901.62,UMIC
2026,ECU,6001.34,UMIC
2027,ECU,6101.07,UMIC
2028,ECU,6200.8,UMIC
2029,ECU,6300.52,UMIC
2030,ECU,6400.25,UMIC
2031,ECU,6499.98,UMIC
2032,ECU,6599.7,UMIC
2033,ECU,6699.43,UMIC
2034,ECU,6799.16,UMIC
2035,ECU,6898.88,UMIC
2025,EGY,3067.19,LMIC
2026,EGY,3122.31,LMIC
2027,EGY,3177.42,LMIC
2028,EGY,3232.53,LMIC
2029,EGY,3287.64,LMIC
2030,EGY,3342.75,LMIC
2031,EGY,3397.86,LMIC
2032,EGY,3452.97,LMIC
2033,EGY,3508.09,LMIC
2034,EGY,3563.2,LMIC
2035,EGY,3618.31,LMIC
2025,EMU,45219.72,HIC
2026,EMU,45994.71,HIC
2027,EMU,46769.69,HIC
2028,EMU,47544.67,HIC
2029,EMU,48319.65,HIC
2030,EMU,49094.64,HIC
2031,EMU,49869.62,HIC
2032,EMU,50644.6,HIC
2033,EMU,51419.58,HIC
2034,EMU,52194.56,HIC
2035,EMU,52969.55,HIC
2025,ESP,34571.11,HIC
2026,ESP,35176.34,HIC
2027,ESP,35781.57,HIC
2028,ESP,36386.8,HIC
2029,ESP,36992.03,HIC
2030,ESP,37597.26,HIC
2031,ESP,38202.49,HIC
2032,ESP,38807.71,HIC
2033,ESP,39412.94,HIC
2034,ESP,40018.17,HIC
2035,ESP,40623.4,HIC
2025,ETH,589.89,LIC
2026,ETH,599.36,LIC
2027,ETH,608.83,LIC
2028,ETH,618.3,LIC
2029,ETH,627.77,LIC
2030,ETH,637.24,LIC
2031,ETH,646.7,LIC
2032,ETH,656.17,LIC
2033,ETH,665.64,LIC
2034,ETH,675.11,LIC
2035,ETH,684.58,LIC
2025,EUU,40137.22,HIC
2026,EUU,40833.88,HIC
2027,EUU,41530.54,HIC
2028,EUU,42227.19,HIC
2029,EUU,42923.85,HIC
2030,EUU,43620.5,HIC
2031,EUU,44317.16,HIC
2032,EUU,45013.81,HIC
2033,EUU,45710.47,HIC
2034,EUU,46407.13,HIC
2035,EUU,47103.78,HIC
2025,FCS,1957.61,LMIC
2026,FCS,1987.28,LMIC
2027,FCS,2016.95,LMIC
2028,FCS,2046.61,LMIC
2029,FCS,2076.28,LMIC
2030,FCS,2105.94,LMIC
2031,FCS,2135.61,LMIC
2032,FCS,2165.27,LMIC
2033,FCS,2194.94,LMIC
2034,FCS,2224.61,LMIC
2035,FCS,2254.27,LMIC
2025,FIN,55470.2,HIC
2026,FIN,56418.82,HIC
2027,FIN,57367.44,HIC
2028,FIN,58316.06,HIC
2029,FIN,59264.68,HIC
2030,FIN,60213.3,HIC
2031,FIN,61161.92,HIC
2032,FIN,62110.54,HIC
2033,FIN,63059.16,HIC
2034,FIN,64007.78,HIC
2035,FIN,64956.4,HIC
2025,FJI,5379.23,UMIC
2026,FJI,5468.52,UMIC
2027,FJI,5557.81,UMIC
2028,FJI,5647.1,UMIC
2029,FJI,5736.39,UMIC
2030,FJI,5825.69,UMIC
2031,FJI,5914.98,UMIC
2032,FJI,6004.27,UMIC
2033,FJI,6093.56,UMIC
2034,FJI,6182.86,UMIC
2035,FJI,6272.15,UMIC
2025,FRA,47706.5,HIC
2026,FRA,48499.65,HIC
2027,FRA,49292.8,HIC
2028,FRA,50085.95,HIC
2029,FRA,50879.1,HIC
2030,FRA,51672.25,HIC
2031,FRA,52465.4,HIC
2032,FRA,53258.55,HIC
2033,FRA,54051.7,HIC
2034,FRA,54844.85,HIC
2035,FRA,55638.0,HIC
2025,GAB,9046.19,UMIC
2026,GAB,9180.37,UMIC
2027,GAB,9314.54,UMIC
2028,GAB,9448.72,UMIC
2029,GAB,9582.89,UMIC
2030,GAB,9717.07,UMIC
2031,GAB,9851.24,UMIC
2032,GAB,9985.42,UMIC
2033,GAB,10119.6,UMIC
2034,GAB,10253.77,UMIC
2035,GAB,10387.95,UMIC
2025,GBR,51723.8,HIC
2026,GBR,52616.97,HIC
2027,GBR,53510.15,HIC
2028,GBR,54403.32,HIC
2029,GBR,55296.5,HIC
2030,GBR,56189.68,HIC
2031,GBR,57082.85,HIC
2032,GBR,57976.03,HIC
2033,GBR,58869.21,HIC
2034,GBR,59762.38,HIC
2035,GBR,60655.56,HIC
2025,GHA,1817.03,LMIC
2026,GHA,1849.36,LMIC
2027,GHA,1881.69,LMIC
2028,GHA,1914.02,LMIC
2029,GHA,1946.35,LMIC
2030,GHA,1978.68,LMIC
2031,GHA,2011.01,LMIC
2032,GHA,2043.34,LMIC
2033,GHA,2075.67,LMIC
2034,GHA,2108.0,LMIC
2035,GHA,2140.33,LMIC
2025,GRC,25830.02,HIC
2026,GRC,26265.09,HIC
2027,GRC,26700.16,HIC
2028,GRC,27135.24,HIC
2029,GRC,27570.31,HIC
2030,GRC,28005.38,HIC
2031,GRC,28440.45,HIC
2032,GRC,28875.52,HIC
2033,GRC,29310.59,HIC
2034,GRC,29745.66,HIC
2035,GRC,30180.73,HIC
2025,GTM,4279.47,LMIC
2026,GTM,4354.18,LMIC
2027,GTM,4428.89,LMIC
2028,GTM,4503.6,UMIC
2029,GTM,4578.31,UMIC
2030,GTM,4653.02,UMIC
2031,GTM,4727.73,UMIC
2032,GTM,4802.44,UMIC
2033,GTM,4877.15,UMIC
2034,GTM,4951.86,UMIC
2035,GTM,5026.57,UMIC
2025,GUY,8561.2,UMIC
2026,GUY,8734.8,UMIC
2027,GUY,8908.4,UMIC
2028,GUY,9082.0,UMIC
2029,GUY,9255.6,UMIC
2030,GUY,9429.2,UMIC
2031,GUY,9602.79,UMIC
2032,GUY,9776.39,UMIC
2033,GUY,9949.99,UMIC
2034,GUY,10123.59,UMIC
2035,GUY,10297.19,UMIC
2025,HIC,45605.56,HIC
2026,HIC,46394.73,HIC
2027,HIC,47183.89,HIC
2028,HIC,47973.06,HIC
2029,HIC,48762.23,HIC
2030,HIC,49551.4,HIC
2031,HIC,50340.56,HIC
2032,HIC,51129.73,HIC
2033,HIC,51918.9,HIC
2034,HIC,52708.06,HIC
2035,HIC,53497.23,HIC
2025,HKG,48152.04,HIC
2026,HKG,49025.44,HIC
2027,HKG,49898.85,HIC
2028,HKG,50772.25,HIC
2029,HKG,51645.66,HIC
2030,HKG,52519.06,HIC
2031,HKG,53392.47,HIC
2032,HKG,54265.87,HIC
2033,HKG,55139.28,HIC
2034,HKG,56012.68,HIC
2035,HKG,56886.09,HIC
2025,HND,2553.3,LMIC
2026,HND,2594.21,LMIC
2027,HND,2635.12,LMIC
2028,HND,2676.02,LMIC
2029,HND,2716.93,LMIC
2030,HND,2757.83,LMIC
2031,HND,2798.74,LMIC
2032,HND,2839.64,LMIC
2033,HND,2880.55,LMIC
2034,HND,2921.46,LMIC
2035,HND,2962.36,LMIC
2025,HPC,975.59,LIC
2026,HPC,990.01,LIC
2027,HPC,1004.43,LIC
2028,HPC,1018.85,LIC
2029,HPC,1033.27,LIC
2030,HPC,1047.69,LIC
2031,HPC,1062.11,LIC
2032,HPC,1076.53,LIC
2033,HPC,1090.95,LIC
2034,HPC,1105.37,LIC
2035,HPC,1119.78,LIC
2025,HTI,1525.84,LMIC
2026,HTI,1553.37,LMIC
2027,HTI,1580.9,LMIC
2028,HTI,1608.43,LMIC
2029,HTI,1635.96,LMIC
2030,HTI,1663.49,LMIC
2031,HTI,1691.02,LMIC
2032,HTI,1718.56,LMIC
2033,HTI,1746.09,LMIC
2034,HTI,1773.62,LMIC
2035,HTI,1801.15,LMIC
2025,IBD,6021.48,UMIC
2026,IBD,6135.46,UMIC
2027,IBD,6249.45,UMIC
2028,IBD,6363.43,UMIC
2029,IBD,6477.42,UMIC
2030,IBD,6591.4,UMIC
2031,IBD,6705.38,UMIC
2032,IBD,6819.37,UMIC
2033,IBD,6933.35,UMIC
2034,IBD,7047.34,UMIC
2035,IBD,7161.32,UMIC
2025,IBT,4810.52,UMIC
2026,IBT,4900.2,UMIC
2027,IBT,4989.88,UMIC
2028,IBT,5079.57,UMIC
2029,IBT,5169.25,UMIC
2030,IBT,5258.93,UMIC
2031,IBT,5348.62,UMIC
2032,IBT,5438.3,UMIC
2033,IBT,5527.98,UMIC
2034,IBT,5617.66,UMIC
2035,IBT,5707.35,UMIC
2025,IDA,1354.29,LMIC
2026,IDA,1376.47,LMIC
2027,IDA,1398.65,LMIC
2028,IDA,1420.83,LMIC
2029,IDA,1443.01,LMIC
2030,IDA,1465.19,LMIC
2031,IDA,1487.38,LMIC
2032,IDA,1509.56,LMIC
2033,IDA,1531.74,LMIC
2034,IDA,1553.92,LMIC
2035,IDA,1576.1,LMIC
2025,IDB,1841.57,LMIC
2026,IDB,1871.87,LMIC
2027,IDB,1902.18,LMIC
2028,IDB,1932.49,LMIC
2029,IDB,1962.79,LMIC
2030,IDB,1993.1,LMIC
2031,IDB,2023.4,LMIC
2032,IDB,2053.71,LMIC
2033,IDB,2084.01,LMIC
2034,IDB,2114.32,LMIC
2035,IDB,2144.62,LMIC
2025,IDX,1090.17,LIC
2026,IDX,1107.87,LIC
2027,IDX,1125.56,LIC
2028,IDX,1143.25,LMIC
2029,IDX,1160.95,LMIC
2030,IDX,1178.64,LMIC
2031,IDX,1196.33,LMIC
2032,IDX,1214.03,LMIC
2033,IDX,1231.72,LMIC
2034,IDX,1249.41,LMIC
2035,IDX,1267.11,LMIC
2025,IND,1783.85,LMIC
2026,IND,1817.06,LMIC
2027,IND,1850.26,LMIC
2028,IND,1883.46,LMIC
2029,IND,1916.66,LMIC
2030,IND,1949.87,LMIC
2031,IND,1983.07,LMIC
2032,IND,2016.27,LMIC
2033,IND,2049.48,LMIC
2034,IND,2082.68,LMIC
2035,IND,2115.88,LMIC
2025,IRL,79506.62,HIC
2026,IRL,81034.77,HIC
2027,IRL,82562.93,HIC
2028,IRL,84091.08,HIC
2029,IRL,85619.23,HIC
2030,IRL,87147.39,HIC
2031,IRL,88675.54,HIC
2032,IRL,90203.69,HIC
2033,IRL,91731.85,HIC
2034,IRL,93260.0,HIC
2035,IRL,94788.15,HIC
2025,IRN,5443.49,UMIC
2026,IRN,5526.88,UMIC
2027,IRN,5610.27,UMIC
2028,IRN,5693.66,UMIC
2029,IRN,5777.04,UMIC
2030,IRN,5860.43,UMIC
2031,IRN,5943.82,UMIC
2032,IRN,6027.21,UMIC
2033,IRN,6110.6,UMIC
2034,IRN,6193.99,UMIC
2035,IRN,6277.38,UMIC
2025,IRQ,5258.29,UMIC
2026,IRQ,5340.19,UMIC
2027,IRQ,5422.08,UMIC
2028,IRQ,5503.98,UMIC
2029,IRQ,5585.87,UMIC
2030,IRQ,5667.77,UMIC
2031,IRQ,5749.66,UMIC
2032,IRQ,5831.56,UMIC
2033,IRQ,5913.45,UMIC
2034,IRQ,5995.35,UMIC
2035,IRQ,6077.24,UMIC
2025,ISL,70181.99,HIC
2026,ISL,71409.03,HIC
2027,ISL,72636.08,HIC
2028,ISL,73863.12,HIC
2029,ISL,75090.17,HIC
2030,ISL,76317.21,HIC
2031,ISL,77544.26,HIC
2032,ISL,78771.3,HIC
2033,ISL,79998.34,HIC
2034,ISL,81225.39,HIC
2035,ISL,82452.43,HIC
2025,ISR,44237.03,HIC
2026,ISR,45026.41,HIC
2027,ISR,45815.79,HIC
2028,ISR,46605.17,HIC
2029,ISR,47394.55,HIC
2030,ISR,48183.93,HIC
2031,ISR,48973.31,HIC
2032,ISR,49762.69,HIC
2033,ISR,50552.07,HIC
2034,ISR,51341.45,HIC
2035,ISR,52130.83,HIC
2025,ITA,41714.65,HIC
2026,ITA,42417.4,HIC
2027,ITA,43120.16,HIC
2028,ITA,43822.91,HIC
2029,ITA,44525.67,HIC
2030,ITA,45228.43,HIC
2031,ITA,45931.18,HIC
2032,ITA,46633.94,HIC
2033,ITA,47336.69,HIC
2034,ITA,48039.45,HIC
2035,ITA,48742.21,HIC
2025,JAM,5980.69,UMIC
2026,JAM,6078.65,UMIC
2027,JAM,6176.62,UMIC
2028,JAM,6274.58,UMIC
2029,JAM,6372.55,UMIC
2030,JAM,6470.51,UMIC
2031,JAM,6568.48,UMIC
2032,JAM,6666.44,UMIC
2033,JAM,6764.41,UMIC
2034,JAM,6862.37,UMIC
2035,JAM,6960.34,UMIC
2025,JPN,49838.81,HIC
2026,JPN,50634.55,HIC
2027,JPN,51430.3,HIC
2028,JPN,52226.04,HIC
2029,JPN,53021.78,HIC
2030,JPN,53817.53,HIC
2031,JPN,54613.27,HIC
2032,JPN,55409.01,HIC
2033,JPN,56204.75,HIC
2034,JPN,57000.5,HIC
2035,JPN,57796.24,HIC
2025,KEN,1579.3,LMIC
2026,KEN,1607.43,LMIC
2027,KEN,1635.56,LMIC
2028,KEN,1663.69,LMIC
2029,KEN,1691.82,LMIC
2030,KEN,1719.95,LMIC
2031,KEN,1748.08,LMIC
2032,KEN,1776.21,LMIC
2033,KEN,1804.34,LMIC
2034,KEN,1832.47,LMIC
2035,KEN,1860.6,LMIC
2025,KNA,21546.08,HIC
2026,KNA,21947.3,HIC
2027,KNA,22348.53,HIC
2028,KNA,22749.75,HIC
2029,KNA,23150.98,HIC
2030,KNA,23552.2,HIC
2031,KNA,23953.42,HIC
2032,KNA,24354.65,HIC
2033,KNA,24755.87,HIC
2034,KNA,25157.1,HIC
2035,KNA,25558.32,HIC
2025,KOR,31310.11,HIC
2026,KOR,31904.76,HIC
2027,KOR,32499.4,HIC
2028,KOR,33094.05,HIC
2029,KOR,33688.69,HIC
2030,KOR,34283.34,HIC
2031,KOR,34877.98,HIC
2032,KOR,35472.63,HIC
2033,KOR,36067.27,HIC
2034,KOR,36661.92,HIC
2035,KOR,37256.56,HIC
2025,LAC,9303.94,UMIC
2026,LAC,9466.05,UMIC
2027,LAC,9628.15,UMIC
2028,LAC,9790.26,UMIC
2029,LAC,9952.37,UMIC
2030,LAC,10114.48,UMIC
2031,LAC,10276.59,UMIC
2032,LAC,10438.7,UMIC
2033,LAC,10600.8,UMIC
2034,LAC,10762.91,UMIC
2035,LAC,10925.02,UMIC
2025,LBR,613.25,LIC
2026,LBR,620.84,LIC
2027,LBR,628.43,LIC
2028,LBR,636.02,LIC
2029,LBR,643.61,LIC
2030,LBR,651.2,LIC
2031,LBR,658.79,LIC
2032,LBR,666.38,LIC
2033,LBR,673.97,LIC
2034,LBR,681.56,LIC
2035,LBR,689.15,LIC
2025,LBY,10160.2,UMIC
2026,LBY,10272.95,UMIC
2027,LBY,10385.7,UMIC
2028,LBY,10498.45,UMIC
2029,LBY,10611.2,UMIC
2030,LBY,10723.95,UMIC
2031,LBY,10836.7,UMIC
2032,LBY,10949.45,UMIC
2033,LBY,11062.2,UMIC
2034,LBY,11174.95,UMIC
2035,LBY,11287.7,UMIC
2025,LCN,9847.92,UMIC
2026,LCN,10019.69,UMIC
2027,LCN,10191.46,UMIC
2028,LCN,10363.23,UMIC
2029,LCN,10535.0,UMIC
2030,LCN,10706.77,UMIC
2031,LCN,10878.55,UMIC
2032,LCN,11050.32,UMIC
2033,LCN,11222.09,UMIC
2034,LCN,11393.86,UMIC
2035,LCN,11565.63,UMIC
2025,LDC,1017.6,LIC
2026,LDC,1034.15,LIC
2027,LDC,1050.7,LIC
2028,LDC,1067.25,LIC
2029,LDC,1083.8,LIC
2030,LDC,1100.34,LIC
2031,LDC,1116.89,LIC
2032,LDC,1133.44,LIC
2033,LDC,1149.99,LMIC
2034,LDC,1166.53,LMIC
2035,LDC,1183.08,LMIC
2025,LKA,3525.51,LMIC
2026,LKA,3592.89,LMIC
2027,LKA,3660.26,LMIC
2028,LKA,3727.63,LMIC
2029,LKA,3795.0,LMIC
2030,LKA,3862.38,LMIC
2031,LKA,3929.75,LMIC
2032,LKA,3997.12,LMIC
2033,LKA,4064.49,LMIC
2034,LKA,4131.87,LMIC
2035,LKA,4199.24,LMIC
2025,LMC,1939.88,LMIC
2026,LMC,1974.83,LMIC
2027,LMC,2009.78,LMIC
2028,LMC,2044.73,LMIC
2029,LMC,2079.69,LMIC
2030,LMC,2114.64,LMIC
2031,LMC,2149.59,LMIC
2032,LMC,2184.54,LMIC
2033,LMC,2219.5,LMIC
2034,LMC,2254.45,LMIC
2035,LMC,2289.4,LMIC
2025,LMY,4496.88,UMIC
2026,LMY,4581.7,UMIC
2027,LMY,4666.52,UMIC
2028,LMY,4751.33,UMIC
2029,LMY,4836.15,UMIC
2030,LMY,4920.97,UMIC
2031,LMY,5005.79,UMIC
2032,LMY,5090.61,UMIC
2033,LMY,5175.42,UMIC
2034,LMY,5260.24,UMIC
2035,LMY,5345.06,UMIC
2025,LSO,1144.93,LMIC
2026,LSO,1164.68,LMIC
2027,LSO,1184.43,LMIC
2028,LSO,1204.18,LMIC
2029,LSO,1223.92,LMIC
2030,LSO,1243.67,LMIC
2031,LSO,1263.42,LMIC
2032,LSO,1283.17,LMIC
2033,LSO,1302.92,LMIC
2034,LSO,1322.66,LMIC
2035,LSO,1342.41,LMIC
2025,LTE,8931.82,UMIC
2026,LTE,9106.92,UMIC
2027,LTE,9282.02,UMIC
2028,LTE,9457.12,UMIC
2029,LTE,9632.21,UMIC
2030,LTE,9807.31,UMIC
2031,LTE,9982.41,UMIC
2032,LTE,10157.51,UMIC
2033,LTE,10332.6,UMIC
2034,LTE,10507.7,UMIC
2035,LTE,10682.8,UMIC
2025,LUX,128195.87,HIC
2026,LUX,130536.98,HIC
2027,LUX,132878.1,HIC
2028,LUX,135219.22,HIC
2029,LUX,137560.34,HIC
2030,LUX,139901.46,HIC
2031,LUX,142242.58,HIC
2032,LUX,144583.7,HIC
2033,LUX,146924.82,HIC
2034,LUX,149265.93,HIC
2035,LUX,151607.05,HIC
2025,MAR,3655.6,LMIC
2026,MAR,3717.95,LMIC
2027,MAR,3780.31,LMIC
2028,MAR,3842.67,LMIC
2029,MAR,3905.02,LMIC
2030,MAR,3967.38,LMIC
2031,MAR,4029.73,LMIC
2032,MAR,4092.09,LMIC
2033,MAR,4154.45,LMIC
2034,MAR,4216.8,LMIC
2035,MAR,4279.16,LMIC
2025,MDG,511.32,LIC
2026,MDG,516.61,LIC
2027,MDG,521.9,LIC
2028,MDG,527.19,LIC
2029,MDG,532.48,LIC
2030,MDG,537.77,LIC
2031,MDG,543.07,LIC
2032,MDG,548.36,LIC
2033,MDG,553.65,LIC
2034,MDG,558.94,LIC
2035,MDG,564.23,LIC
2025,MEA,5688.29,UMIC
2026,MEA,5783.87,UMIC
2027,MEA,5879.45,UMIC
2028,MEA,5975.03,UMIC
2029,MEA,6070.61,UMIC
2030,MEA,6166.2,UMIC
2031,MEA,6261.78,UMIC
2032,MEA,6357.36,UMIC
2033,MEA,6452.94,UMIC
2034,MEA,6548.52,UMIC
2035,MEA,6644.11,UMIC
2025,MEX,12141.8,UMIC
2026,MEX,12351.03,UMIC
2027,MEX,12560.26,UMIC
2028,MEX,12769.49,UMIC
2029,MEX,12978.71,UMIC
2030,MEX,13187.94,UMIC
2031,MEX,13397.17,UMIC
2032,MEX,13606.4,UMIC
2033,MEX,13815.63,UMIC
2034,MEX,14024.86,HIC
2035,MEX,14234.08,HIC
2025,MIC,4842.21,UMIC
2026,MIC,4934.05,UMIC
2027,MIC,5025.88,UMIC
2028,MIC,5117.72,UMIC
2029,MIC,5209.55,UMIC
2030,MIC,5301.39,UMIC
2031,MIC,5393.23,UMIC
2032,MIC,5485.06,UMIC
2033,MIC,5576.9,UMIC
2034,MIC,5668.73,UMIC
2035,MIC,5760.57,UMIC
2025,MMR,1106.5,LIC
2026,MMR,1128.81,LIC
2027,MMR,1151.12,LMIC
2028,MMR,1173.42,LMIC
2029,MMR,1195.73,LMIC
2030,MMR,1218.04,LMIC
2031,MMR,1240.34,LMIC
2032,MMR,1262.65,LMIC
2033,MMR,1284.96,LMIC
2034,MMR,1307.26,LMIC
2035,MMR,1329.57,LMIC
2025,MNA,2989.85,LMIC
2026,MNA,3037.28,LMIC
2027,MNA,3084.72,LMIC
2028,MNA,3132.15,LMIC
2029,MNA,3179.58,LMIC
2030,MNA,3227.01,LMIC
2031,MNA,3274.44,LMIC
2032,MNA,3321.88,LMIC
2033,MNA,3369.31,LMIC
2034,MNA,3416.74,LMIC
2035,MNA,3464.17,LMIC
2025,MUS,10345.95,UMIC
2026,MUS,10536.46,UMIC
2027,MUS,10726.97,UMIC
2028,MUS,10917.48,UMIC
2029,MUS,11108.0,UMIC
2030,MUS,11298.51,UMIC
2031,MUS,11489.02,UMIC
2032,MUS,11679.53,UMIC
2033,MUS,11870.04,UMIC
2034,MUS,12060.55,UMIC
2035,MUS,12251.07,UMIC
2025,MYS,10775.38,UMIC
2026,MYS,10970.3,UMIC
2027,MYS,11165.22,UMIC
2028,MYS,11360.14,UMIC
2029,MYS,11555.06,UMIC
2030,MYS,11749.98,UMIC
2031,MYS,11944.9,UMIC
2032,MYS,12139.82,UMIC
2033,MYS,12334.74,UMIC
2034,MYS,12529.66,UMIC
2035,MYS,12724.58,UMIC
2025,NAC,67327.03,HIC
2026,NAC,68477.99,HIC
2027,NAC,69628.95,HIC
2028,NAC,70779.91,HIC
2029,NAC,71930.87,HIC
2030,NAC,73081.83,HIC
2031,NAC,74232.79,HIC
2032,NAC,75383.74,HIC
2033,NAC,76534.7,HIC
2034,NAC,77685.66,HIC
2035,NAC,78836.62,HIC
2025,NER,558.48,LIC
2026,NER,565.63,LIC
2027,NER,572.79,LIC
2028,NER,579.95,LIC
2029,NER,587.11,LIC
2030,NER,594.27,LIC
2031,NER,601.43,LIC
2032,NER,608.59,LIC
2033,NER,615.74,LIC
2034,NER,622.9,LIC
2035,NER,630.06,LIC
2025,NGA,2243.85,LMIC
2026,NGA,2279.33,LMIC
2027,NGA,2314.8,LMIC
2028,NGA,2350.27,LMIC
2029,NGA,2385.74,LMIC
2030,NGA,2421.21,LMIC
2031,NGA,2456.69,LMIC
2032,NGA,2492.16,LMIC
2033,NGA,2527.63,LMIC
2034,NGA,2563.1,LMIC
2035,NGA,2598.57,LMIC
2025,NIC,2105.91,LMIC
2026,NIC,2139.74,LMIC
2027,NIC,2173.56,LMIC
2028,NIC,2207.39,LMIC
2029,NIC,2241.21,LMIC
2030,NIC,2275.04,LMIC
2031,NIC,2308.87,LMIC
2032,NIC,2342.69,LMIC
2033,NIC,2376.52,LMIC
2034,NIC,2410.34,LMIC
2035,NIC,2444.17,LMIC
2025,NLD,61266.04,HIC
2026,NLD,62327.61,HIC
2027,NLD,63389.19,HIC
2028,NLD,64450.76,HIC
2029,NLD,65512.33,HIC
2030,NLD,66573.91,HIC
2031,NLD,67635.48,HIC
2032,NLD,68697.06,HIC
2033,NLD,69758.63,HIC
2034,NLD,70820.2,HIC
2035,NLD,71881.78,HIC
2025,NOR,95676.3,HIC
2026,NOR,97384.33,HIC
2027,NOR,99092.35,HIC
2028,NOR,100800.37,HIC
2029,NOR,102508.4,HIC
2030,NOR,104216.42,HIC
2031,NOR,105924.44,HIC
2032,NOR,107632.46,HIC
2033,NOR,109340.49,HIC
2034,NOR,111048.51,HIC
2035,NOR,112756.53,HIC
2025,NPL,957.65,LIC
2026,NPL,975.58,LIC
2027,NPL,993.51,LIC
2028,NPL,1011.45,LIC
2029,NPL,1029.38,LIC
2030,NPL,1047.31,LIC
2031,NPL,1065.25,LIC
2032,NPL,1083.18,LIC
2033,NPL,1101.11,LIC
2034,NPL,1119.04,LIC
2035,NPL,1136.98,LMIC
2025,NZL,44225.17,HIC
2026,NZL,45008.83,HIC
2027,NZL,45792.49,HIC
2028,NZL,46576.15,HIC
2029,NZL,47359.81,HIC
2030,NZL,48143.47,HIC
2031,NZL,48927.13,HIC
2032,NZL,49710.79,HIC
2033,NZL,50494.46,HIC
2034,NZL,51278.12,HIC
2035,NZL,52061.78,HIC
2025,OED,44554.21,HIC
2026,OED,45315.43,HIC
2027,OED,46076.65,HIC
2028,OED,46837.88,HIC
2029,OED,47599.1,HIC
2030,OED,48360.32,HIC
2031,OED,49121.54,HIC
2032,OED,49882.77,HIC
2033,OED,50643.99,HIC
2034,OED,51405.21,HIC
2035,OED,52166.44,HIC
2025,OMN,22691.4,HIC
2026,OMN,23089.44,HIC
2027,OMN,23487.48,HIC
2028,OMN,23885.52,HIC
2029,OMN,24283.56,HIC
2030,OMN,24681.6,HIC
2031,OMN,25079.64,HIC
2032,OMN,25477.68,HIC
2033,OMN,25875.72,HIC
2034,OMN,26273.76,HIC
2035,OMN,26671.8,HIC
2025,PAK,1379.16,LMIC
2026,PAK,1403.0,LMIC
2027,PAK,1426.84,LMIC
2028,PAK,1450.67,LMIC
2029,PAK,1474.51,LMIC
2030,PAK,1498.35,LMIC
2031,PAK,1522.18,LMIC
2032,PAK,1546.02,LMIC
2033,PAK,1569.86,LMIC
2034,PAK,1593.69,LMIC
2035,PAK,1617.53,LMIC
2025,PAN,13687.24,UMIC
2026,PAN,13939.07,HIC
2027,PAN,14190.89,HIC
2028,PAN,14442.72,HIC
2029,PAN,14694.55,HIC
2030,PAN,14946.37,HIC
2031,PAN,15198.2,HIC
2032,PAN,15450.03,HIC
2033,PAN,15701.85,HIC
2034,PAN,15953.68,HIC
2035,PAN,16205.5,HIC
2025,PER,6460.96,UMIC
2026,PER,6577.39,UMIC
2027,PER,6693.82,UMIC
2028,PER,6810.24,UMIC
2029,PER,6926.67,UMIC
2030,PER,7043.1,UMIC
2031,PER,7159.53,UMIC
2032,PER,7275.96,UMIC
2033,PER,7392.39,UMIC
2034,PER,7508.81,UMIC
2035,PER,7625.24,UMIC
2025,PHL,3036.63,LMIC
2026,PHL,3089.76,LMIC
2027,PHL,3142.9,LMIC
2028,PHL,3196.03,LMIC
2029,PHL,3249.17,LMIC
2030,PHL,3302.3,LMIC
2031,PHL,3355.44,LMIC
2032,PHL,3408.57,LMIC
2033,PHL,3461.71,LMIC
2034,PHL,3514.84,LMIC
2035,PHL,3567.98,LMIC
2025,PNG,2482.76,LMIC
2026,PNG,2524.33,LMIC
2027,PNG,2565.89,LMIC
2028,PNG,2607.46,LMIC
2029,PNG,2649.03,LMIC
2030,PNG,2690.59,LMIC
2031,PNG,2732.16,LMIC
2032,PNG,2773.73,LMIC
2033,PNG,2815.29,LMIC
2034,PNG,2856.86,LMIC
2035,PNG,2898.42,LMIC
2025,PRE,1502.71,LMIC
2026,PRE,1525.59,LMIC
2027,PRE,1548.47,LMIC
2028,PRE,1571.35,LMIC
2029,PRE,1594.24,LMIC
2030,PRE,1617.12,LMIC
2031,PRE,1640.0,LMIC
2032,PRE,1662.88,LMIC
2033,PRE,1685.76,LMIC
2034,PRE,1708.64,LMIC
2035,PRE,1731.52,LMIC
2025,PRI,33591.15,HIC
2026,PRI,34192.98,HIC
2027,PRI,34794.81,HIC
2028,PRI,35396.63,HIC
2029,PRI,35998.46,HIC
2030,PRI,36600.29,HIC
2031,PRI,37202.12,HIC
2032,PRI,37803.94,HIC
2033,PRI,38405.77,HIC
2034,PRI,39007.6,HIC
2035,PRI,39609.42,HIC
2025,PRT,26144.55,HIC
2026,PRT,26612.83,HIC
2027,PRT,27081.11,HIC
2028,PRT,27549.39,HIC
2029,PRT,28017.67,HIC
2030,PRT,28485.95,HIC
2031,PRT,28954.23,HIC
2032,PRT,29422.51,HIC
2033,PRT,29890.79,HIC
2034,PRT,30359.07,HIC
2035,PRT,30827.35,HIC
2025,PRY,5762.27,UMIC
2026,PRY,5865.85,UMIC
2027,PRY,5969.42,UMIC
2028,PRY,6072.99,UMIC
2029,PRY,6176.57,UMIC
2030,PRY,6280.14,UMIC
2031,PRY,6383.72,UMIC
2032,PRY,6487.29,UMIC
2033,PRY,6590.86,UMIC
2034,PRY,6694.44,UMIC
2035,PRY,6798.01,UMIC
2025,PST,50932.21,HIC
2026,PST,51808.82,HIC
2027,PST,52685.43,HIC
2028,PST,53562.04,HIC
2029,PST,54438.65,HIC
2030,PST,55315.26,HIC
2031,PST,56191.87,HIC
2032,PST,57068.48,HIC
2033,PST,57945.09,HIC
2034,PST,58821.7,HIC
2035,PST,59698.31,HIC
2025,RWA,777.43,LIC
2026,RWA,790.74,LIC
2027,RWA,804.05,LIC
2028,RWA,817.36,LIC
2029,RWA,830.67,LIC
2030,RWA,843.99,LIC
2031,RWA,857.3,LIC
2032,RWA,870.61,LIC
2033,RWA,883.92,LIC
2034,RWA,897.24,LIC
2035,RWA,910.55,LIC
2025,SAS,1775.77,LMIC
2026,SAS,1808.92,LMIC
2027,SAS,1842.08,LMIC
2028,SAS,1875.23,LMIC
2029,SAS,1908.38,LMIC
2030,SAS,1941.53,LMIC
2031,SAS,1974.68,LMIC
2032,SAS,2007.83,LMIC
2033,SAS,2040.98,LMIC
2034,SAS,2074.13,LMIC
2035,SAS,2107.28,LMIC
2025,SAU,29134.84,HIC
2026,SAU,29573.54,HIC
2027,SAU,30012.25,HIC
2028,SAU,30450.95,HIC
2029,SAU,30889.66,HIC
2030,SAU,31328.36,HIC
2031,SAU,31767.07,HIC
2032,SAU,32205.77,HIC
2033,SAU,32644.48,HIC
2034,SAU,33083.18,HIC
2035,SAU,33521.89,HIC
2025,SDN,1133.46,LIC
2026,SDN,1150.18,LMIC
2027,SDN,1166.91,LMIC
2028,SDN,1183.63,LMIC
2029,SDN,1200.35,LMIC
2030,SDN,1217.07,LMIC
2031,SDN,1233.8,LMIC
2032,SDN,1250.52,LMIC
2033,SDN,1267.24,LMIC
2034,SDN,1283.96,LMIC
2035,SDN,1300.68,LMIC
2025,SEN,1513.42,LMIC
2026,SEN,1534.21,LMIC
2027,SEN,1555.01,LMIC
2028,SEN,1575.8,LMIC
2029,SEN,1596.6,LMIC
2030,SEN,1617.39,LMIC
2031,SEN,1638.19,LMIC
2032,SEN,1658.98,LMIC
2033,SEN,1679.77,LMIC
2034,SEN,1700.57,LMIC
2035,SEN,1721.36,LMIC
2025,SGP,66295.58,HIC
2026,SGP,67563.47,HIC
2027,SGP,68831.36,HIC
2028,SGP,70099.25,HIC
2029,SGP,71367.14,HIC
2030,SGP,72635.03,HIC
2031,SGP,73902.91,HIC
2032,SGP,75170.8,HIC
2033,SGP,76438.69,HIC
2034,SGP,77706.58,HIC
2035,SGP,78974.47,HIC
2025,SLE,829.42,LIC
2026,SLE,842.41,LIC
2027,SLE,855.4,LIC
2028,SLE,868.39,LIC
2029,SLE,881.38,LIC
2030,SLE,894.37,LIC
2031,SLE,907.36,LIC
2032,SLE,920.35,LIC
2033,SLE,933.34,LIC
2034,SLE,946.33,LIC
2035,SLE,959.32,LIC
2025,SOM,515.33,LIC
2026,SOM,523.42,LIC
2027,SOM,531.52,LIC
2028,SOM,539.61,LIC
2029,SOM,547.71,LIC
2030,SOM,555.8,LIC
2031,SOM,563.89,LIC
2032,SOM,571.99,LIC
2033,SOM,580.08,LIC
2034,SOM,588.18,LIC
2035,SOM,596.27,LIC
2025,SSA,1820.76,LMIC
2026,SSA,1848.16,LMIC
2027,SSA,1875.57,LMIC
2028,SSA,1902.97,LMIC
2029,SSA,1930.38,LMIC
2030,SSA,1957.79,LMIC
2031,SSA,1985.19,LMIC
2032,SSA,2012.6,LMIC
2033,SSA,2040.01,LMIC
2034,SSA,2067.41,LMIC
2035,SSA,2094.82,LMIC
2025,SSF,1701.84,LMIC
2026,SSF,1727.49,LMIC
2027,SSF,1753.13,LMIC
2028,SSF,1778.78,LMIC
2029,SSF,1804.43,LMIC
2030,SSF,1830.08,LMIC
2031,SSF,1855.72,LMIC
2032,SSF,1881.37,LMIC
2033,SSF,1907.02,LMIC
2034,SSF,1932.67,LMIC
2035,SSF,1958.32,LMIC
2025,SUR,6903.14,UMIC
2026,SUR,7019.04,UMIC
2027,SUR,7134.94,UMIC
2028,SUR,7250.85,UMIC
2029,SUR,7366.75,UMIC
2030,SUR,7482.65,UMIC
2031,SUR,7598.56,UMIC
2032,SUR,7714.46,UMIC
2033,SUR,7830.36,UMIC
2034,SUR,7946.27,UMIC
2035,SUR,8062.17,UMIC
2025,SWE,62290.38,HIC
2026,SWE,63316.8,HIC
2027,SWE,64343.22,HIC
2028,SWE,65369.63,HIC
2029,SWE,66396.05,HIC
2030,SWE,67422.46,HIC
2031,SWE,68448.88,HIC
2032,SWE,69475.29,HIC
2033,SWE,70501.71,HIC
2034,SWE,71528.12,HIC
2035,SWE,72554.54,HIC
2025,SWZ,4051.28,LMIC
2026,SWZ,4122.05,LMIC
2027,SWZ,4192.83,LMIC
2028,SWZ,4263.6,LMIC
2029,SWZ,4334.37,LMIC
2030,SWZ,4405.14,LMIC
2031,SWZ,4475.92,LMIC
2032,SWZ,4546.69,UMIC
2033,SWZ,4617.46,UMIC
2034,SWZ,4688.24,UMIC
2035,SWZ,4759.01,UMIC
2025,SYC,17117.13,HIC
2026,SYC,17425.54,HIC
2027,SYC,17733.95,HIC
2028,SYC,18042.36,HIC
2029,SYC,18350.77,HIC
2030,SYC,18659.18,HIC
2031,SYC,18967.59,HIC
2032,SYC,19276.0,HIC
2033,SYC,19584.41,HIC
2034,SYC,19892.82,HIC
2035,SYC,20201.23,HIC
2025,SYR,1598.68,LMIC
2026,SYR,1615.39,LMIC
2027,SYR,1632.1,LMIC
2028,SYR,1648.81,LMIC
2029,SYR,1665.52,LMIC
2030,SYR,1682.23,LMIC
2031,SYR,1698.94,LMIC
2032,SYR,1715.65,LMIC
2033,SYR,1732.36,LMIC
2034,SYR,1749.07,LMIC
2035,SYR,1765.78,LMIC
2025,TCD,1029.07,LIC
2026,TCD,1046.56,LIC
2027,TCD,1064.05,LIC
2028,TCD,1081.54,LIC
2029,TCD,1099.03,LIC
2030,TCD,1116.52,LIC
2031,TCD,1134.02,LIC
2032,TCD,1151.51,LMIC
2033,TCD,1169.0,LMIC
2034,TCD,1186.49,LMIC
2035,TCD,1203.98,LMIC
2025,TEA,6810.49,UMIC
2026,TEA,6949.1,UMIC
2027,TEA,7087.7,UMIC
2028,TEA,7226.31,UMIC
2029,TEA,7364.91,UMIC
2030,TEA,7503.51,UMIC
2031,TEA,7642.12,UMIC
2032,TEA,7780.72,UMIC
2033,TEA,7919.33,UMIC
2034,TEA,8057.93,UMIC
2035,TEA,8196.53,UMIC
2025,TGO,894.85,LIC
2026,TGO,907.32,LIC
2027,TGO,919.78,LIC
2028,TGO,932.24,LIC
2029,TGO,944.7,LIC
2030,TGO,957.17,LIC
2031,TGO,969.63,LIC
2032,TGO,982.09,LIC
2033,TGO,994.56,LIC
2034,TGO,1007.02,LIC
2035,TGO,1019.48,LIC
2025,THA,6444.29,UMIC
2026,THA,6564.07,UMIC
2027,THA,6683.86,UMIC
2028,THA,6803.64,UMIC
2029,THA,6923.43,UMIC
2030,THA,7043.22,UMIC
2031,THA,7163.0,UMIC
2032,THA,7282.79,UMIC
2033,THA,7402.57,UMIC
2034,THA,7522.36,UMIC
2035,THA,7642.15,UMIC
2025,TLA,9678.08,UMIC
2026,TLA,9846.95,UMIC
2027,TLA,10015.83,UMIC
2028,TLA,10184.71,UMIC
2029,TLA,10353.58,UMIC
2030,TLA,10522.46,UMIC
2031,TLA,10691.33,UMIC
2032,TLA,10860.21,UMIC
2033,TLA,11029.09,UMIC
2034,TLA,11197.96,UMIC
2035,TLA,11366.84,UMIC
2025,TMN,2987.71,LMIC
2026,TMN,3035.18,LMIC
2027,TMN,3082.65,LMIC
2028,TMN,3130.12,LMIC
2029,TMN,3177.6,LMIC
2030,TMN,3225.07,LMIC
2031,TMN,3272.54,LMIC
2032,TMN,3320.01,LMIC
2033,TMN,3367.48,LMIC
2034,TMN,3414.95,LMIC
2035,TMN,3462.42,LMIC
2025,TSA,1775.77,LMIC
2026,TSA,1808.92,LMIC
2027,TSA,1842.08,LMIC
2028,TSA,1875.23,LMIC
2029,TSA,1908.38,LMIC
2030,TSA,1941.53,LMIC
2031,TSA,1974.68,LMIC
2032,TSA,2007.83,LMIC
2033,TSA,2040.98,LMIC
2034,TSA,2074.13,LMIC
2035,TSA,2107.28,LMIC
2025,TSS,1701.84,LMIC
2026,TSS,1727.49,LMIC
2027,TSS,1753.13,LMIC
2028,TSS,1778.78,LMIC
2029,TSS,1804.43,LMIC
2030,TSS,1830.08,LMIC
2031,TSS,1855.72,LMIC
2032,TSS,1881.37,LMIC
2033,TSS,1907.02,LMIC
2034,TSS,1932.67,LMIC
2035,TSS,1958.32,LMIC
2025,TTO,19197.56,HIC
2026,TTO,19535.6,HIC
2027,TTO,19873.64,HIC
2028,TTO,20211.68,HIC
2029,TTO,20549.72,HIC
2030,TTO,20887.76,HIC
2031,TTO,21225.8,HIC
2032,TTO,21563.84,HIC
2033,TTO,21901.88,HIC
2034,TTO,22239.92,HIC
2035,TTO,22577.96,HIC
2025,TUR,11446.99,UMIC
2026,TUR,11657.21,UMIC
2027,TUR,11867.42,UMIC
2028,TUR,12077.64,UMIC
2029,TUR,12287.85,UMIC
2030,TUR,12498.07,UMIC
2031,TUR,12708.29,UMIC
2032,TUR,12918.5,UMIC
2033,TUR,13128.72,UMIC
2034,TUR,13338.93,UMIC
2035,TUR,13549.15,UMIC
2025,TZA,928.98,LIC
2026,TZA,940.57,LIC
2027,TZA,952.16,LIC
2028,TZA,963.75,LIC
2029,TZA,975.34,LIC
2030,TZA,986.93,LIC
2031,TZA,998.52,LIC
2032,TZA,1010.11,LIC
2033,TZA,1021.7,LIC
2034,TZA,1033.29,LIC
2035,TZA,1044.88,LIC
2025,UGA,822.75,LIC
2026,UGA,836.59,LIC
2027,UGA,850.43,LIC
2028,UGA,864.27,LIC
2029,UGA,878.1,LIC
2030,UGA,891.94,LIC
2031,UGA,905.78,LIC
2032,UGA,919.62,LIC
2033,UGA,933.46,LIC
2034,UGA,947.29,LIC
2035,UGA,961.13,LIC
2025,UMC,7848.68,UMIC
2026,UMC,8000.53,UMIC
2027,UMC,8152.38,UMIC
2028,UMC,8304.23,UMIC
2029,UMC,8456.08,UMIC
2030,UMC,8607.93,UMIC
2031,UMC,8759.78,UMIC
2032,UMC,8911.64,UMIC
2033,UMC,9063.49,UMIC
2034,UMC,9215.34,UMIC
2035,UMC,9367.19,UMIC
2025,URY,17374.62,HIC
2026,URY,17697.47,HIC
2027,URY,18020.32,HIC
2028,URY,18343.17,HIC
2029,URY,18666.02,HIC
2030,URY,18988.87,HIC
2031,URY,19311.72,HIC
2032,URY,19634.57,HIC
2033,URY,19957.42,HIC
2034,URY,20280.26,HIC
2035,URY,20603.11,HIC
2025,USA,68894.36,HIC
2026,USA,70073.84,HIC
2027,USA,71253.32,HIC
2028,USA,72432.81,HIC
2029,USA,73612.29,HIC
2030,USA,74791.77,HIC
2031,USA,75971.26,HIC
2032,USA,77150.74,HIC
2033,USA,78330.23,HIC
2034,USA,79509.71,HIC
2035,USA,80689.19,HIC
2025,VCT,8770.39,UMIC
2026,VCT,8933.05,UMIC
2027,VCT,9095.71,UMIC
2028,VCT,9258.37,UMIC
2029,VCT,9421.03,UMIC
2030,VCT,9583.69,UMIC
2031,VCT,9746.35,UMIC
2032,VCT,9909.01,UMIC
2033,VCT,10071.67,UMIC
2034,VCT,10234.33,UMIC
2035,VCT,10397.0,UMIC
2025,VEN,11113.61,UMIC
2026,VEN,11298.15,UMIC
2027,VEN,11482.69,UMIC
2028,VEN,11667.23,UMIC
2029,VEN,11851.77,UMIC
2030,VEN,12036.31,UMIC
2031,VEN,12220.85,UMIC
2032,VEN,12405.39,UMIC
2033,VEN,12589.93,UMIC
2034,VEN,12774.47,UMIC
2035,VEN,12959.01,UMIC
2025,WLD,12099.94,UMIC
2026,WLD,12307.75,UMIC
2027,WLD,12515.57,UMIC
2028,WLD,12723.38,UMIC
2029,WLD,12931.2,UMIC
2030,WLD,13139.01,UMIC
2031,WLD,13346.82,UMIC
2032,WLD,13554.64,UMIC
2033,WLD,13762.45,UMIC
2034,WLD,13970.27,HIC
2035,WLD,14178.08,HIC
2025,ZAF,7360.61,UMIC
2026,ZAF,7474.87,UMIC
2027,ZAF,7589.13,UMIC
2028,ZAF,7703.39,UMIC
2029,ZAF,7817.65,UMIC
2030,ZAF,7931.91,UMIC
2031,ZAF,8046.18,UMIC
2032,ZAF,8160.44,UMIC
2033,ZAF,8274.7,UMIC
2034,ZAF,8388.96,UMIC
2035,ZAF,8503.22,UMIC
2025,ZMB,1322.69,LMIC
2026,ZMB,1341.62,LMIC
2027,ZMB,1360.56,LMIC
2028,ZMB,1379.49,LMIC
2029,ZMB,1398.42,LMIC
2030,ZMB,1417.36,LMIC
2031,ZMB,1436.29,LMIC
2032,ZMB,1455.23,LMIC
2033,ZMB,1474.16,LMIC
2034,ZMB,1493.09,LMIC
2035,ZMB,1512.03,LMIC
2025,ZWE,1602.26,LMIC
2026,ZWE,1624.82,LMIC
2027,ZWE,1647.39,LMIC
2028,ZWE,1669.96,LMIC
2029,ZWE,1692.53,LMIC
2030,ZWE,1715.1,LMIC
2031,ZWE,1737.67,LMIC
2032,ZWE,1760.24,LMIC
2033,ZWE,1782.81,LMIC
2034,ZWE,1805.38,LMIC
2035,ZWE,1827.95,LMIC
2025,ARB,6962.82,UMIC
2026,ARB,7081.34,UMIC
2027,ARB,7199.86,UMIC
2028,ARB,7318.38,UMIC
2029,ARB,7436.9,UMIC
2030,ARB,7555.42,UMIC
2031,ARB,7673.94,UMIC
2032,ARB,7792.46,UMIC
2033,ARB,7910.98,UMIC
2034,ARB,8029.5,UMIC
2035,ARB,8148.02,UMIC
2025,MRT,1873.29,LMIC
2026,MRT,1901.86,LMIC
2027,MRT,1930.43,LMIC
2028,MRT,1959.0,LMIC
2029,MRT,1987.57,LMIC
2030,MRT,2016.14,LMIC
2031,MRT,2044.71,LMIC
2032,MRT,2073.27,LMIC
2033,MRT,2101.84,LMIC
2034,MRT,2130.41,LMIC
2035,MRT,2158.98,LMIC
2025,TUN,4476.43,LMIC
2026,TUN,4551.26,UMIC
2027,TUN,4626.09,UMIC
2028,TUN,4700.92,UMIC
2029,TUN,4775.75,UMIC
2030,TUN,4850.58,UMIC
2031,TUN,4925.41,UMIC
2032,TUN,5000.24,UMIC
2033,TUN,5075.07,UMIC
2034,TUN,5149.9,UMIC
2035,TUN,5224.73,UMIC
2025,GNQ,10515.03,UMIC
2026,GNQ,10724.25,UMIC
2027,GNQ,10933.47,UMIC
2028,GNQ,11142.68,UMIC
2029,GNQ,11351.9,UMIC
2030,GNQ,11561.11,UMIC
2031,GNQ,11770.33,UMIC
2032,GNQ,11979.54,UMIC
2033,GNQ,12188.76,UMIC
2034,GNQ,12397.97,UMIC
2035,GNQ,12607.19,UMIC
2025,KWT,40913.02,HIC
2026,KWT,41563.78,HIC
2027,KWT,42214.53,HIC
2028,KWT,42865.29,HIC
2029,KWT,43516.04,HIC
2030,KWT,44166.8,HIC
2031,KWT,44817.55,HIC
2032,KWT,45468.31,HIC
2033,KWT,46119.06,HIC
2034,KWT,46769.82,HIC
2035,KWT,47420.57,HIC
2025,BRN,38822.14,HIC
2026,BRN,39271.81,HIC
2027,BRN,39721.48,HIC
2028,BRN,40171.14,HIC
2029,BRN,40620.81,HIC
2030,BRN,41070.47,HIC
2031,BRN,41520.14,HIC
2032,BRN,41969.8,HIC
2033,BRN,42419.47,HIC
2034,BRN,42869.13,HIC
2035,BRN,43318.8,HIC
2025,FRO,64928.44,HIC
2026,FRO,66146.35,HIC
2027,FRO,67364.27,HIC
2028,FRO,68582.18,HIC
2029,FRO,69800.09,HIC
2030,FRO,71018.01,HIC
2031,FRO,72235.92,HIC
2032,FRO,73453.83,HIC
2033,FRO,74671.75,HIC
2034,FRO,75889.66,HIC
2035,FRO,77107.57,HIC
2025,JOR,4242.56,LMIC
2026,JOR,4312.09,LMIC
2027,JOR,4381.63,LMIC
2028,JOR,4451.16,LMIC
2029,JOR,4520.69,UMIC
2030,JOR,4590.23,UMIC
2031,JOR,4659.76,UMIC
2032,JOR,4729.3,UMIC
2033,JOR,4798.83,UMIC
2034,JOR,4868.36,UMIC
2035,JOR,4937.9,UMIC
2025,NCL,39198.14,HIC
2026,NCL,39897.31,HIC
2027,NCL,40596.48,HIC
2028,NCL,41295.65,HIC
2029,NCL,41994.83,HIC
2030,NCL,42694.0,HIC
2031,NCL,43393.17,HIC
2032,NCL,44092.35,HIC
2033,NCL,44791.52,HIC
2034,NCL,45490.69,HIC
2035,NCL,46189.86,HIC
2025,PYF,26953.35,HIC
2026,PYF,27366.97,HIC
2027,PYF,27780.58,HIC
2028,PYF,28194.2,HIC
2029,PYF,28607.82,HIC
2030,PYF,29021.43,HIC
2031,PYF,29435.05,HIC
2032,PYF,29848.67,HIC
2033,PYF,30262.28,HIC
2034,PYF,30675.9,HIC
2035,PYF,31089.52,HIC
2025,SLV,4444.86,LMIC
2026,SLV,4527.93,UMIC
2027,SLV,4611.0,UMIC
2028,SLV,4694.07,UMIC
2029,SLV,4777.14,UMIC
2030,SLV,4860.21,UMIC
2031,SLV,4943.28,UMIC
2032,SLV,5026.35,UMIC
2033,SLV,5109.42,UMIC
2034,SLV,5192.49,UMIC
2035,SLV,5275.56,UMIC
2025,GMB,866.05,LIC
2026,GMB,879.44,LIC
2027,GMB,892.82,LIC
2028,GMB,906.21,LIC
2029,GMB,919.6,LIC
2030,GMB,932.99,LIC
2031,GMB,946.38,LIC
2032,GMB,959.77,LIC
2033,GMB,973.16,LIC
2034,GMB,986.55,LIC
2035,GMB,999.93,LIC
2025,IDN,3895.94,LMIC
2026,IDN,3976.97,LMIC
2027,IDN,4058.0,LMIC
2028,IDN,4139.03,LMIC
2029,IDN,4220.06,LMIC
2030,IDN,4301.09,LMIC
2031,IDN,4382.12,LMIC
2032,IDN,4463.15,LMIC
2033,IDN,4544.18,UMIC
2034,IDN,4625.21,UMIC
2035,IDN,4706.24,UMIC
2025,LIC,758.85,LIC
2026,LIC,769.1,LIC
2027,LIC,779.35,LIC
2028,LIC,789.61,LIC
2029,LIC,799.86,LIC
2030,LIC,810.11,LIC
2031,LIC,820.36,LIC
2032,LIC,830.61,LIC
2033,LIC,840.86,LIC
2034,LIC,851.11,LIC
2035,LIC,861.36,LIC
2025,MLI,1004.71,LIC
2026,MLI,1023.81,LIC
2027,MLI,1042.91,LIC
2028,MLI,1062.01,LIC
2029,MLI,1081.11,LIC
2030,MLI,1100.21,LIC
2031,MLI,1119.31,LIC
2032,MLI,1138.41,LMIC
2033,MLI,1157.51,LMIC
2034,MLI,1176.61,LMIC
2035,MLI,1195.72,LMIC
2025,SLB,2205.27,LMIC
2026,SLB,2243.2,LMIC
2027,SLB,2281.12,LMIC
2028,SLB,2319.04,LMIC
2029,SLB,2356.97,LMIC
2030,SLB,2394.89,LMIC
2031,SLB,2432.82,LMIC
2032,SLB,2470.74,LMIC
2033,SLB,2508.67,LMIC
2034,SLB,2546.59,LMIC
2035,SLB,2584.51,LMIC
2025,HUN,18024.42,HIC
2026,HUN,18391.89,HIC
2027,HUN,18759.37,HIC
2028,HUN,19126.84,HIC
2029,HUN,19494.31,HIC
2030,HUN,19861.78,HIC
2031,HUN,20229.26,HIC
2032,HUN,20596.73,HIC
2033,HUN,20964.2,HIC
2034,HUN,21331.67,HIC
2035,HUN,21699.15,HIC
2025,AND,50318.5,HIC
2026,AND,51222.05,HIC
2027,AND,52125.61,HIC
2028,AND,53029.16,HIC
2029,AND,53932.72,HIC
2030,AND,54836.27,HIC
2031,AND,55739.82,HIC
2032,AND,56643.38,HIC
2033,AND,57546.93,HIC
2034,AND,58450.48,HIC
2035,AND,59354.04,HIC
2025,ARE,49240.47,HIC
2026,ARE,49805.61,HIC
2027,ARE,50370.75,HIC
2028,ARE,50935.89,HIC
2029,ARE,51501.03,HIC
2030,ARE,52066.17,HIC
2031,ARE,52631.31,HIC
2032,ARE,53196.45,HIC
2033,ARE,53761.59,HIC
2034,ARE,54326.73,HIC
2035,ARE,54891.87,HIC
2025,BHR,28979.23,HIC
2026,BHR,29482.86,HIC
2027,BHR,29986.5,HIC
2028,BHR,30490.14,HIC
2029,BHR,30993.78,HIC
2030,BHR,31497.42,HIC
2031,BHR,32001.06,HIC
2032,BHR,32504.7,HIC
2033,BHR,33008.34,HIC
2034,BHR,33511.98,HIC
2035,BHR,34015.61,HIC
2025,BTN,3278.58,LMIC
2026,BTN,3349.08,LMIC
2027,BTN,3419.58,LMIC
2028,BTN,3490.07,LMIC
2029,BTN,3560.57,LMIC
2030,BTN,3631.06,LMIC
2031,BTN,3701.56,LMIC
2032,BTN,3772.06,LMIC
2033,BTN,3842.55,LMIC
2034,BTN,3913.05,LMIC
2035,BTN,3983.54,LMIC
2025,CUB,7957.17,UMIC
2026,CUB,8103.47,UMIC
2027,CUB,8249.78,UMIC
2028,CUB,8396.08,UMIC
2029,CUB,8542.39,UMIC
2030,CUB,8688.69,UMIC
2031,CUB,8835.0,UMIC
2032,CUB,8981.31,UMIC
2033,CUB,9127.61,UMIC
2034,CUB,9273.92,UMIC
2035,CUB,9420.22,UMIC
2025,FSM,3742.74,LMIC
2026,FSM,3806.73,LMIC
2027,FSM,3870.72,LMIC
2028,FSM,3934.72,LMIC
2029,FSM,3998.71,LMIC
2030,FSM,4062.7,LMIC
2031,FSM,4126.69,LMIC
2032,FSM,4190.68,LMIC
2033,FSM,4254.68,LMIC
2034,FSM,4318.67,LMIC
2035,FSM,4382.66,LMIC
2025,GIN,691.3,LIC
2026,GIN,678.3,LIC
2027,GIN,665.3,LIC
2028,GIN,652.3,LIC
2029,GIN,639.3,LIC
2030,GIN,626.3,LIC
2031,GIN,613.3,LIC
2032,GIN,600.3,LIC
2033,GIN,587.3,LIC
2034,GIN,574.3,LIC
2035,GIN,561.31,LIC
2025,GNB,783.18,LIC
2026,GNB,791.46,LIC
2027,GNB,799.73,LIC
2028,GNB,808.01,LIC
2029,GNB,816.28,LIC
2030,GNB,824.55,LIC
2031,GNB,832.83,LIC
2032,GNB,841.1,LIC
2033,GNB,849.38,LIC
2034,GNB,857.65,LIC
2035,GNB,865.93,LIC
2025,GRL,57717.71,HIC
2026,GRL,58850.92,HIC
2027,GRL,59984.14,HIC
2028,GRL,61117.35,HIC
2029,GRL,62250.56,HIC
2030,GRL,63383.78,HIC
2031,GRL,64516.99,HIC
2032,GRL,65650.2,HIC
2033,GRL,66783.42,HIC
2034,GRL,67916.63,HIC
2035,GRL,69049.84,HIC
2025,KIR,1981.54,LMIC
2026,KIR,2015.33,LMIC
2027,KIR,2049.13,LMIC
2028,KIR,2082.92,LMIC
2029,KIR,2116.72,LMIC
2030,KIR,2150.51,LMIC
2031,KIR,2184.31,LMIC
2032,KIR,2218.1,LMIC
2033,KIR,2251.9,LMIC
2034,KIR,2285.69,LMIC
2035,KIR,2319.49,LMIC
2025,LIE,195536.13,HIC
2026,LIE,199483.32,HIC
2027,LIE,203430.51,HIC
2028,LIE,207377.7,HIC
2029,LIE,211324.9,HIC
2030,LIE,215272.09,HIC
2031,LIE,219219.28,HIC
2032,LIE,223166.48,HIC
2033,LIE,227113.67,HIC
2034,LIE,231060.86,HIC
2035,LIE,235008.05,HIC
2025,MCO,220304.4,HIC
2026,MCO,224376.14,HIC
2027,MCO,228447.87,HIC
2028,MCO,232519.61,HIC
2029,MCO,236591.35,HIC
2030,MCO,240663.08,HIC
2031,MCO,244734.82,HIC
2032,MCO,248806.56,HIC
2033,MCO,252878.29,HIC
2034,MCO,256950.03,HIC
2035,MCO,261021.77,HIC
2025,MDV,10552.83,UMIC
2026,MDV,10790.64,UMIC
2027,MDV,11028.45,UMIC
2028,MDV,11266.26,UMIC
2029,MDV,11504.07,UMIC
2030,MDV,11741.88,UMIC
2031,MDV,11979.69,UMIC
2032,MDV,12217.51,UMIC
2033,MDV,12455.32,UMIC
2034,MDV,12693.13,UMIC
2035,MDV,12930.94,UMIC
2025,MHL,5370.15,UMIC
2026,MHL,5471.71,UMIC
2027,MHL,5573.26,UMIC
2028,MHL,5674.82,UMIC
2029,MHL,5776.38,UMIC
2030,MHL,5877.94,UMIC
2031,MHL,5979.5,UMIC
2032,MHL,6081.06,UMIC
2033,MHL,6182.62,UMIC
2034,MHL,6284.17,UMIC
2035,MHL,6385.73,UMIC
2025,MLT,33643.04,HIC
2026,MLT,34349.58,HIC
2027,MLT,35056.13,HIC
2028,MLT,35762.67,HIC
2029,MLT,36469.21,HIC
2030,MLT,37175.75,HIC
2031,MLT,37882.29,HIC
2032,MLT,38588.83,HIC
2033,MLT,39295.37,HIC
2034,MLT,40001.91,HIC
2035,MLT,40708.45,HIC
2025,NRU,9077.75,UMIC
2026,NRU,9191.42,UMIC
2027,NRU,9305.08,UMIC
2028,NRU,9418.75,UMIC
2029,NRU,9532.41,UMIC
2030,NRU,9646.08,UMIC
2031,NRU,9759.74,UMIC
2032,NRU,9873.41,UMIC
2033,NRU,9987.07,UMIC
2034,NRU,10100.73,UMIC
2035,NRU,10214.4,UMIC
2025,PLW,16201.06,HIC
2026,PLW,16501.32,HIC
2027,PLW,16801.58,HIC
2028,PLW,17101.84,HIC
2029,PLW,17402.1,HIC
2030,PLW,17702.37,HIC
2031,PLW,18002.63,HIC
2032,PLW,18302.89,HIC
2033,PLW,18603.15,HIC
2034,PLW,18903.41,HIC
2035,PLW,19203.68,HIC
2025,PSS,4128.9,LMIC
2026,PSS,4200.52,LMIC
2027,PSS,4272.14,LMIC
2028,PSS,4343.76,LMIC
2029,PSS,4415.38,LMIC
2030,PSS,4487.0,LMIC
2031,PSS,4558.62,UMIC
2032,PSS,4630.24,UMIC
2033,PSS,4701.86,UMIC
2034,PSS,4773.48,UMIC
2035,PSS,4845.1,UMIC
2025,QAT,83501.08,HIC
2026,QAT,85093.23,HIC
2027,QAT,86685.39,HIC
2028,QAT,88277.54,HIC
2029,QAT,89869.7,HIC
2030,QAT,91461.85,HIC
2031,QAT,93054.0,HIC
2032,QAT,94646.16,HIC
2033,QAT,96238.31,HIC
2034,QAT,97830.47,HIC
2035,QAT,99422.62,HIC
2025,SST,13151.91,UMIC
2026,SST,13407.36,UMIC
2027,SST,13662.81,UMIC
2028,SST,13918.25,UMIC
2029,SST,14173.7,HIC
2030,SST,14429.14,HIC
2031,SST,14684.59,HIC
2032,SST,14940.03,HIC
2033,SST,15195.48,HIC
2034,SST,15450.93,HIC
2035,SST,15706.37,HIC
2025,STP,1844.81,LMIC
2026,STP,1873.3,LMIC
2027,STP,1901.79,LMIC
2028,STP,1930.28,LMIC
2029,STP,1958.76,LMIC
2030,STP,1987.25,LMIC
2031,STP,2015.74,LMIC
2032,STP,2044.23,LMIC
2033,STP,2072.72,LMIC
2034,STP,2101.21,LMIC
2035,STP,2129.7,LMIC
2025,TUV,4743.15,UMIC
2026,TUV,4838.94,UMIC
2027,TUV,4934.74,UMIC
2028,TUV,5030.53,UMIC
2029,TUV,5126.33,UMIC
2030,TUV,5222.12,UMIC
2031,TUV,5317.92,UMIC
2032,TUV,5413.71,UMIC
2033,TUV,5509.51,UMIC
2034,TUV,5605.3,UMIC
2035,TUV,5701.1,UMIC
2025,WSM,4427.06,LMIC
2026,WSM,4514.51,UMIC
2027,WSM,4601.96,UMIC
2028,WSM,4689.42,UMIC
2029,WSM,4776.87,UMIC
2030,WSM,4864.33,UMIC
2031,WSM,4951.78,UMIC
2032,WSM,5039.24,UMIC
2033,WSM,5126.69,UMIC
2034,WSM,5214.15,UMIC
2035,WSM,5301.6,UMIC
2025,CYP,37148.84,HIC
2026,CYP,37913.6,HIC
2027,CYP,38678.36,HIC
2028,CYP,39443.11,HIC
2029,CYP,40207.87,HIC
2030,CYP,40972.63,HIC
2031,CYP,41737.39,HIC
2032,CYP,42502.15,HIC
2033,CYP,43266.91,HIC
2034,CYP,44031.67,HIC
2035,CYP,44796.42,HIC
2025,KHM,1932.78,LMIC
2026,KHM,1979.07,LMIC
2027,KHM,2025.36,LMIC
2028,KHM,2071.65,LMIC
2029,KHM,2117.94,LMIC
2030,KHM,2164.23,LMIC
2031,KHM,2210.52,LMIC
2032,KHM,2256.8,LMIC
2033,KHM,2303.09,LMIC
2034,KHM,2349.38,LMIC
2035,KHM,2395.67,LMIC
2025,OSS,14168.95,HIC
2026,OSS,14457.37,HIC
2027,OSS,14745.79,HIC
2028,OSS,15034.22,HIC
2029,OSS,15322.64,HIC
2030,OSS,15611.07,HIC
2031,OSS,15899.49,HIC
2032,OSS,16187.92,HIC
2033,OSS,16476.34,HIC
2034,OSS,16764.77,HIC
2035,OSS,17053.19,HIC
2025,TON,4995.31,UMIC
2026,TON,5099.73,UMIC
2027,TON,5204.15,UMIC
2028,TON,5308.58,UMIC
2029,TON,5413.0,UMIC
2030,TON,5517.42,UMIC
2031,TON,5621.85,UMIC
2032,TON,5726.27,UMIC
2033,TON,5830.69,UMIC
2034,TON,5935.11,UMIC
2035,TON,6039.54,UMIC
2025,ATG,21619.23,HIC
2026,ATG,22039.46,HIC
2027,ATG,22459.7,HIC
2028,ATG,22879.93,HIC
2029,ATG,23300.16,HIC
2030,ATG,23720.4,HIC
2031,ATG,24140.63,HIC
2032,ATG,24560.87,HIC
2033,ATG,24981.1,HIC
2034,ATG,25401.33,HIC
2035,ATG,25821.57,HIC
2025,DMA,10202.87,UMIC
2026,DMA,10409.84,UMIC
2027,DMA,10616.81,UMIC
2028,DMA,10823.78,UMIC
2029,DMA,11030.76,UMIC
2030,DMA,11237.73,UMIC
2031,DMA,11444.7,UMIC
2032,DMA,11651.67,UMIC
2033,DMA,11858.64,UMIC
2034,DMA,12065.61,UMIC
2035,DMA,12272.58,UMIC
2025,GRD,10802.54,UMIC
2026,GRD,11030.06,UMIC
2027,GRD,11257.57,UMIC
2028,GRD,11485.09,UMIC
2029,GRD,11712.6,UMIC
2030,GRD,11940.12,UMIC
2031,GRD,12167.63,UMIC
2032,GRD,12395.15,UMIC
2033,GRD,12622.66,UMIC
2034,GRD,12850.18,UMIC
2035,GRD,13077.69,UMIC
2025,VUT,3474.85,LMIC
2026,VUT,3538.44,LMIC
2027,VUT,3602.04,LMIC
2028,VUT,3665.63,LMIC
2029,VUT,3729.23,LMIC
2030,VUT,3792.82,LMIC
2031,VUT,3856.42,LMIC
2032,VUT,3920.02,LMIC
2033,VUT,3983.61,LMIC
2034,VUT,4047.21,LMIC
2035,VUT,4110.8,LMIC
2025,AGO,3387.21,LMIC
2026,AGO,3458.84,LMIC
2027,AGO,3530.47,LMIC
2028,AGO,3602.1,LMIC
2029,AGO,3673.74,LMIC
2030,AGO,3745.37,LMIC
2031,AGO,3817.0,LMIC
2032,AGO,3888.63,LMIC
2033,AGO,3960.27,LMIC
2034,AGO,4031.9,LMIC
2035,AGO,4103.53,LMIC
2025,ALB,6581.32,UMIC
2026,ALB,6749.12,UMIC
2027,ALB,6916.92,UMIC
2028,ALB,7084.73,UMIC
2029,ALB,7252.53,UMIC
2030,ALB,7420.33,UMIC
2031,ALB,7588.14,UMIC
2032,ALB,7755.94,UMIC
2033,ALB,7923.74,UMIC
2034,ALB,8091.54,UMIC
2035,ALB,8259.35,UMIC
2025,BGR,11619.47,UMIC
2026,BGR,11901.24,UMIC
2027,BGR,12183.0,UMIC
2028,BGR,12464.77,UMIC
2029,BGR,12746.53,UMIC
2030,BGR,13028.29,UMIC
2031,BGR,13310.06,UMIC
2032,BGR,13591.82,UMIC
2033,BGR,13873.59,UMIC
2034,BGR,14155.35,HIC
2035,BGR,14437.11,HIC
2025,COM,1701.58,LMIC
2026,COM,1729.05,LMIC
2027,COM,1756.52,LMIC
2028,COM,1783.99,LMIC
2029,COM,1811.45,LMIC
2030,COM,1838.92,LMIC
2031,COM,1866.39,LMIC
2032,COM,1893.86,LMIC
2033,COM,1921.32,LMIC
2034,COM,1948.79,LMIC
2035,COM,1976.26,LMIC
2025,CPV,4790.88,UMIC
2026,CPV,4903.27,UMIC
2027,CPV,5015.66,UMIC
2028,CPV,5128.05,UMIC
2029,CPV,5240.44,UMIC
2030,CPV,5352.84,UMIC
2031,CPV,5465.23,UMIC
2032,CPV,5577.62,UMIC
2033,CPV,5690.01,UMIC
2034,CPV,5802.4,UMIC
2035,CPV,5914.79,UMIC
2025,LCA,12762.26,UMIC
2026,LCA,13023.81,UMIC
2027,LCA,13285.35,UMIC
2028,LCA,13546.9,UMIC
2029,LCA,13808.44,UMIC
2030,LCA,14069.99,HIC
2031,LCA,14331.53,HIC
2032,LCA,14593.08,HIC
2033,LCA,14854.63,HIC
2034,LCA,15116.17,HIC
2035,LCA,15377.72,HIC
2025,MNG,4449.76,LMIC
2026,MNG,4550.59,UMIC
2027,MNG,4651.42,UMIC
2028,MNG,4752.25,UMIC
2029,MNG,4853.08,UMIC
2030,MNG,4953.91,UMIC
2031,MNG,5054.75,UMIC
2032,MNG,5155.58,UMIC
2033,MNG,5256.41,UMIC
2034,MNG,5357.24,UMIC
2035,MNG,5458.07,UMIC
2025,MWI,631.76,LIC
2026,MWI,641.97,LIC
2027,MWI,652.19,LIC
2028,MWI,662.41,LIC
2029,MWI,672.62,LIC
2030,MWI,682.84,LIC
2031,MWI,693.05,LIC
2032,MWI,703.27,LIC
2033,MWI,713.48,LIC
2034,MWI,723.7,LIC
2035,MWI,733.92,LIC
2025,NAM,5289.76,UMIC
2026,NAM,5376.12,UMIC
2027,NAM,5462.48,UMIC
2028,NAM,5548.84,UMIC
2029,NAM,5635.2,UMIC
2030,NAM,5721.56,UMIC
2031,NAM,5807.92,UMIC
2032,NAM,5894.28,UMIC
2033,NAM,5980.64,UMIC
2034,NAM,6067.0,UMIC
2035,NAM,6153.36,UMIC
2025,MAC,75772.87,HIC
2026,MAC,77666.67,HIC
2027,MAC,79560.48,HIC
2028,MAC,81454.28,HIC
2029,MAC,83348.09,HIC
2030,MAC,85241.9,HIC
2031,MAC,87135.7,HIC
2032,MAC,89029.51,HIC
2033,MAC,90923.31,HIC
2034,MAC,92817.12,HIC
2035,MAC,94710.92,HIC
2025,IMN,104247.11,HIC
2026,IMN,107031.7,HIC
2027,IMN,109816.29,HIC
2028,IMN,112600.89,HIC
2029,IMN,115385.48,HIC
2030,IMN,118170.07,HIC
2031,IMN,120954.66,HIC
2032,IMN,123739.25,HIC
2033,IMN,126523.85,HIC
2034,IMN,129308.44,HIC
2035,IMN,132093.03,HIC
2025,LAO,2356.69,LMIC
2026,LAO,2420.71,LMIC
2027,LAO,2484.73,LMIC
2028,LAO,2548.75,LMIC
2029,LAO,2612.77,LMIC
2030,LAO,2676.79,LMIC
2031,LAO,2740.82,LMIC
2032,LAO,2804.84,LMIC
2033,LAO,2868.86,LMIC
2034,LAO,2932.88,LMIC
2035,LAO,2996.9,LMIC
2025,DJI,2876.45,LMIC
2026,DJI,2947.35,LMIC
2027,DJI,3018.26,LMIC
2028,DJI,3089.16,LMIC
2029,DJI,3160.07,LMIC
2030,DJI,3230.97,LMIC
2031,DJI,3301.88,LMIC
2032,DJI,3372.78,LMIC
2033,DJI,3443.69,LMIC
2034,DJI,3514.59,LMIC
2035,DJI,3585.5,LMIC
2025,VNM,3693.0,LMIC
2026,VNM,3802.96,LMIC
2027,VNM,3912.92,LMIC
2028,VNM,4022.89,LMIC
2029,VNM,4132.85,LMIC
2030,VNM,4242.81,LMIC
2031,VNM,4352.77,LMIC
2032,VNM,4462.73,LMIC
2033,VNM,4572.69,UMIC
2034,VNM,4682.65,UMIC
2035,VNM,4792.61,UMIC
2025,ABW,33499.33,HIC
2026,ABW,34082.05,HIC
2027,ABW,34664.77,HIC
2028,ABW,35247.49,HIC
2029,ABW,35830.21,HIC
2030,ABW,36412.94,HIC
2031,ABW,36995.66,HIC
2032,ABW,37578.38,HIC
2033,ABW,38161.1,HIC
2034,ABW,38743.82,HIC
2035,ABW,39326.54,HIC
2025,ECA,8306.99,UMIC
2026,ECA,8520.72,UMIC
2027,ECA,8734.45,UMIC
2028,ECA,8948.18,UMIC
2029,ECA,9161.9,UMIC
2030,ECA,9375.63,UMIC
2031,ECA,9589.36,UMIC
2032,ECA,9803.09,UMIC
2033,ECA,10016.82,UMIC
2034,ECA,10230.54,UMIC
2035,ECA,10444.27,UMIC
2025,GEO,6196.78,UMIC
2026,GEO,6368.83,UMIC
2027,GEO,6540.88,UMIC
2028,GEO,6712.93,UMIC
2029,GEO,6884.98,UMIC
2030,GEO,7057.03,UMIC
2031,GEO,7229.08,UMIC
2032,GEO,7401.13,UMIC
2033,GEO,7573.18,UMIC
2034,GEO,7745.23,UMIC
2035,GEO,7917.28,UMIC
2025,ROU,15604.44,HIC
2026,ROU,16063.74,HIC
2027,ROU,16523.04,HIC
2028,ROU,16982.35,HIC
2029,ROU,17441.65,HIC
2030,ROU,17900.95,HIC
2031,ROU,18360.25,HIC
2032,ROU,18819.55,HIC
2033,ROU,19278.85,HIC
2034,ROU,19738.15,HIC
2035,ROU,20197.46,HIC
2025,TKM,7892.14,UMIC
2026,TKM,8128.13,UMIC
2027,TKM,8364.12,UMIC
2028,TKM,8600.12,UMIC
2029,TKM,8836.11,UMIC
2030,TKM,9072.1,UMIC
2031,TKM,9308.09,UMIC
2032,TKM,9544.09,UMIC
2033,TKM,9780.08,UMIC
2034,TKM,10016.07,UMIC
2035,TKM,10252.07,UMIC
2025,UKR,4332.85,LMIC
2026,UKR,4435.34,LMIC
2027,UKR,4537.83,UMIC
2028,UKR,4640.32,UMIC
2029,UKR,4742.81,UMIC
2030,UKR,4845.3,UMIC
2031,UKR,4947.8,UMIC
2032,UKR,5050.29,UMIC
2033,UKR,5152.78,UMIC
2034,UKR,5255.27,UMIC
2035,UKR,5357.76,UMIC
2025,UZB,2708.34,LMIC
2026,UZB,2779.64,LMIC
2027,UZB,2850.93,LMIC
2028,UZB,2922.22,LMIC
2029,UZB,2993.51,LMIC
2030,UZB,3064.8,LMIC
2031,UZB,3136.1,LMIC
2032,UZB,3207.39,LMIC
2033,UZB,3278.68,LMIC
2034,UZB,3349.97,LMIC
2035,UZB,3421.26,LMIC
2025,LBN,8395.37,UMIC
2026,LBN,8575.43,UMIC
2027,LBN,8755.49,UMIC
2028,LBN,8935.55,UMIC
2029,LBN,9115.61,UMIC
2030,LBN,9295.67,UMIC
2031,LBN,9475.74,UMIC
2032,LBN,9655.8,UMIC
2033,LBN,9835.86,UMIC
2034,LBN,10015.92,UMIC
2035,LBN,10195.98,UMIC
2025,RUS,14897.94,HIC
2026,RUS,15286.87,HIC
2027,RUS,15675.8,HIC
2028,RUS,16064.73,HIC
2029,RUS,16453.66,HIC
2030,RUS,16842.59,HIC
2031,RUS,17231.52,HIC
2032,RUS,17620.45,HIC
2033,RUS,18009.37,HIC
2034,RUS,18398.3,HIC
2035,RUS,18787.23,HIC
2025,TEC,11940.25,UMIC
2026,TEC,12255.88,UMIC
2027,TEC,12571.52,UMIC
2028,TEC,12887.16,UMIC
2029,TEC,13202.79,UMIC
2030,TEC,13518.43,UMIC
2031,TEC,13834.06,UMIC
2032,TEC,14149.7,HIC
2033,TEC,14465.34,HIC
2034,TEC,14780.97,HIC
2035,TEC,15096.61,HIC
2025,ARM,6178.61,UMIC
2026,ARM,6376.84,UMIC
2027,ARM,6575.08,UMIC
2028,ARM,6773.31,UMIC
2029,ARM,6971.54,UMIC
2030,ARM,7169.77,UMIC
2031,ARM,7368.0,UMIC
2032,ARM,7566.23,UMIC
2033,ARM,7764.46,UMIC
2034,ARM,7962.7,UMIC
2035,ARM,8160.93,UMIC
2025,AZE,7571.66,UMIC
2026,AZE,7804.32,UMIC
2027,AZE,8036.97,UMIC
2028,AZE,8269.62,UMIC
2029,AZE,8502.27,UMIC
2030,AZE,8734.92,UMIC
2031,AZE,8967.57,UMIC
2032,AZE,9200.22,UMIC
2033,AZE,9432.87,UMIC
2034,AZE,9665.53,UMIC
2035,AZE,9898.18,UMIC
2025,BIH,7809.5,UMIC
2026,BIH,8040.11,UMIC
2027,BIH,8270.72,UMIC
2028,BIH,8501.33,UMIC
2029,BIH,8731.94,UMIC
2030,BIH,8962.55,UMIC
2031,BIH,9193.16,UMIC
2032,BIH,9423.77,UMIC
2033,BIH,9654.38,UMIC
2034,BIH,9884.99,UMIC
2035,BIH,10115.6,UMIC
2025,BLR,8551.16,UMIC
2026,BLR,8786.73,UMIC
2027,BLR,9022.29,UMIC
2028,BLR,9257.86,UMIC
2029,BLR,9493.43,UMIC
2030,BLR,9728.99,UMIC
2031,BLR,9964.56,UMIC
2032,BLR,10200.13,UMIC
2033,BLR,10435.69,UMIC
2034,BLR,10671.26,UMIC
2035,BLR,10906.83,UMIC
2025,CEB,21063.37,HIC
2026,CEB,21666.06,HIC
2027,CEB,22268.75,HIC
2028,CEB,22871.44,HIC
2029,CEB,23474.13,HIC
2030,CEB,24076.82,HIC
2031,CEB,24679.51,HIC
2032,CEB,25282.2,HIC
2033,CEB,25884.89,HIC
2034,CEB,26487.58,HIC
2035,CEB,27090.27,HIC
2025,CZE,30213.86,HIC
2026,CZE,31046.06,HIC
2027,CZE,31878.27,HIC
2028,CZE,32710.47,HIC
2029,CZE,33542.68,HIC
2030,CZE,34374.88,HIC
2031,CZE,35207.09,HIC
2032,CZE,36039.29,HIC
2033,CZE,36871.49,HIC
2034,CZE,37703.7,HIC
2035,CZE,38535.9,HIC
2025,HRV,20271.65,HIC
2026,HRV,20792.16,HIC
2027,HRV,21312.67,HIC
2028,HRV,21833.17,HIC
2029,HRV,22353.68,HIC
2030,HRV,22874.19,HIC
2031,HRV,23394.69,HIC
2032,HRV,23915.2,HIC
2033,HRV,24435.71,HIC
2034,HRV,24956.22,HIC
2035,HRV,25476.72,HIC
2025,KAZ,13246.78,UMIC
2026,KAZ,13644.82,UMIC
2027,KAZ,14042.87,HIC
2028,KAZ,14440.91,HIC
2029,KAZ,14838.96,HIC
2030,KAZ,15237.0,HIC
2031,KAZ,15635.05,HIC
2032,KAZ,16033.1,HIC
2033,KAZ,16431.14,HIC
2034,KAZ,16829.19,HIC
2035,KAZ,17227.23,HIC
2025,KGZ,1696.49,LMIC
2026,KGZ,1742.7,LMIC
2027,KGZ,1788.92,LMIC
2028,KGZ,1835.14,LMIC
2029,KGZ,1881.36,LMIC
2030,KGZ,1927.58,LMIC
2031,KGZ,1973.8,LMIC
2032,KGZ,2020.02,LMIC
2033,KGZ,2066.24,LMIC
2034,KGZ,2112.46,LMIC
2035,KGZ,2158.67,LMIC
2025,MDA,5353.75,UMIC
2026,MDA,5523.39,UMIC
2027,MDA,5693.02,UMIC
2028,MDA,5862.66,UMIC
2029,MDA,6032.3,UMIC
2030,MDA,6201.93,UMIC
2031,MDA,6371.57,UMIC
2032,MDA,6541.2,UMIC
2033,MDA,6710.84,UMIC
2034,MDA,6880.47,UMIC
2035,MDA,7050.11,UMIC
2025,MKD,8041.93,UMIC
2026,MKD,8253.99,UMIC
2027,MKD,8466.06,UMIC
2028,MKD,8678.13,UMIC
2029,MKD,8890.19,UMIC
2030,MKD,9102.26,UMIC
2031,MKD,9314.33,UMIC
2032,MKD,9526.39,UMIC
2033,MKD,9738.46,UMIC
2034,MKD,9950.52,UMIC
2035,MKD,10162.59,UMIC
2025,POL,20607.1,HIC
2026,POL,21192.05,HIC
2027,POL,21777.0,HIC
2028,POL,22361.95,HIC
2029,POL,22946.9,HIC
2030,POL,23531.85,HIC
2031,POL,24116.8,HIC
2032,POL,24701.75,HIC
2033,POL,25286.7,HIC
2034,POL,25871.65,HIC
2035,POL,26456.6,HIC
2025,SVK,25130.99,HIC
2026,SVK,25815.14,HIC
2027,SVK,26499.3,HIC
2028,SVK,27183.46,HIC
2029,SVK,27867.62,HIC
2030,SVK,28551.78,HIC
2031,SVK,29235.94,HIC
2032,SVK,29920.1,HIC
2033,SVK,30604.26,HIC
2034,SVK,31288.42,HIC
2035,SVK,31972.58,HIC
2025,SVN,31944.72,HIC
2026,SVN,32677.74,HIC
2027,SVN,33410.77,HIC
2028,SVN,34143.79,HIC
2029,SVN,34876.81,HIC
2030,SVN,35609.83,HIC
2031,SVN,36342.85,HIC
2032,SVN,37075.87,HIC
2033,SVN,37808.89,HIC
2034,SVN,38541.91,HIC
2035,SVN,39274.93,HIC
2025,TJK,1125.94,LIC
2026,TJK,1155.76,LMIC
2027,TJK,1185.59,LMIC
2028,TJK,1215.42,LMIC
2029,TJK,1245.24,LMIC
2030,TJK,1275.07,LMIC
2031,TJK,1304.89,LMIC
2032,TJK,1334.72,LMIC
2033,TJK,1364.54,LMIC
2034,TJK,1394.37,LMIC
2035,TJK,1424.19,LMIC
2025,TLS,1801.99,LMIC
2026,TLS,1855.13,LMIC
2027,TLS,1908.26,LMIC
2028,TLS,1961.4,LMIC
2029,TLS,2014.53,LMIC
2030,TLS,2067.67,LMIC
2031,TLS,2120.81,LMIC
2032,TLS,2173.94,LMIC
2033,TLS,2227.08,LMIC
2034,TLS,2280.21,LMIC
2035,TLS,2333.35,LMIC
2025,YEM,1072.19,LIC
2026,YEM,1080.81,LIC
2027,YEM,1089.43,LIC
2028,YEM,1098.04,LIC
2029,YEM,1106.66,LIC
2030,YEM,1115.27,LIC
2031,YEM,1123.89,LIC
2032,YEM,1132.51,LIC
2033,YEM,1141.12,LMIC
2034,YEM,1149.74,LMIC
2035,YEM,1158.35,LMIC
2025,MOZ,671.11,LIC
2026,MOZ,684.11,LIC
2027,MOZ,697.1,LIC
2028,MOZ,710.1,LIC
2029,MOZ,723.09,LIC
2030,MOZ,736.09,LIC
2031,MOZ,749.08,LIC
2032,MOZ,762.08,LIC
2033,MOZ,775.07,LIC
2034,MOZ,788.07,LIC
2035,MOZ,801.06,LIC
2025,ERI,833.41,LIC
2026,ERI,852.27,LIC
2027,ERI,871.14,LIC
2028,ERI,890.0,LIC
2029,ERI,908.87,LIC
2030,ERI,927.73,LIC
2031,ERI,946.6,LIC
2032,ERI,965.46,LIC
2033,ERI,984.33,LIC
2034,ERI,1003.19,LIC
2035,ERI,1022.06,LIC
2025,EST,30165.85,HIC
2026,EST,31117.39,HIC
2027,EST,32068.92,HIC
2028,EST,33020.45,HIC
2029,EST,33971.99,HIC
2030,EST,34923.52,HIC
2031,EST,35875.06,HIC
2032,EST,36826.59,HIC
2033,EST,37778.13,HIC
2034,EST,38729.66,HIC
2035,EST,39681.2,HIC
2025,PSE,3925.64,LMIC
2026,PSE,4022.96,LMIC
2027,PSE,4120.29,LMIC
2028,PSE,4217.61,LMIC
2029,PSE,4314.93,LMIC
2030,PSE,4412.25,LMIC
2031,PSE,4509.57,UMIC
2032,PSE,4606.89,UMIC
2033,PSE,4704.21,UMIC
2034,PSE,4801.53,UMIC
2035,PSE,4898.85,UMIC
2025,LTU,26266.83,HIC
2026,LTU,27150.82,HIC
2027,LTU,28034.8,HIC
2028,LTU,28918.79,HIC
2029,LTU,29802.78,HIC
2030,LTU,30686.77,HIC
2031,LTU,31570.76,HIC
2032,LTU,32454.74,HIC
2033,LTU,33338.73,HIC
2034,LTU,34222.72,HIC
2035,LTU,35106.71,HIC
2025,LVA,22614.61,HIC
2026,LVA,23341.22,HIC
2027,LVA,24067.83,HIC
2028,LVA,24794.45,HIC
2029,LVA,25521.06,HIC
2030,LVA,26247.68,HIC
2031,LVA,26974.29,HIC
2032,LVA,27700.9,HIC
2033,LVA,28427.52,HIC
2034,LVA,29154.13,HIC
2035,LVA,29880.75,HIC
2025,SRB,10667.07,UMIC
2026,SRB,10978.62,UMIC
2027,SRB,11290.18,UMIC
2028,SRB,11601.73,UMIC
2029,SRB,11913.28,UMIC
2030,SRB,12224.84,UMIC
2031,SRB,12536.39,UMIC
2032,SRB,12847.94,UMIC
2033,SRB,13159.5,UMIC
2034,SRB,13471.05,UMIC
2035,SRB,13782.61,UMIC
2025,MNE,11528.3,UMIC
2026,MNE,11904.29,UMIC
2027,MNE,12280.29,UMIC
2028,MNE,12656.29,UMIC
2029,MNE,13032.28,UMIC
2030,MNE,13408.28,UMIC
2031,MNE,13784.27,UMIC
2032,MNE,14160.27,HIC
2033,MNE,14536.26,HIC
2034,MNE,14912.26,HIC
2035,MNE,15288.25,HIC
2025,SMR,53773.17,HIC
2026,SMR,53959.53,HIC
2027,SMR,54145.89,HIC
2028,SMR,54332.25,HIC
2029,SMR,54518.61,HIC
2030,SMR,54704.97,HIC
2031,SMR,54891.32,HIC
2032,SMR,55077.68,HIC
2033,SMR,55264.04,HIC
2034,SMR,55450.4,HIC
2035,SMR,55636.76,HIC
2025,CHI,69981.39,HIC
2026,CHI,70868.7,HIC
2027,CHI,71756.0,HIC
2028,CHI,72643.3,HIC
2029,CHI,73530.61,HIC
2030,CHI,74417.91,HIC
2031,CHI,75305.22,HIC
2032,CHI,76192.52,HIC
2033,CHI,77079.83,HIC
2034,CHI,77967.13,HIC
2035,CHI,78854.43,HIC
2025,AFG,606.06,LIC
2026,AFG,620.18,LIC
2027,AFG,634.29,LIC
2028,AFG,648.41,LIC
2029,AFG,662.52,LIC
2030,AFG,676.64,LIC
2031,AFG,690.76,LIC
2032,AFG,704.87,LIC
2033,AFG,718.99,LIC
2034,AFG,733.1,LIC
2035,AFG,747.22,LIC
2025,CUW,20317.15,HIC
2026,CUW,20452.2,HIC
2027,CUW,20587.25,HIC
2028,CUW,20722.31,HIC
2029,CUW,20857.36,HIC
2030,CUW,20992.41,HIC
2031,CUW,21127.46,HIC
2032,CUW,21262.51,HIC
2033,CUW,21397.56,HIC
2034,CUW,21532.62,HIC
2035,CUW,21667.67,HIC
2025,TCA,32219.7,HIC
2026,TCA,32716.11,HIC
2027,TCA,33212.53,HIC
2028,TCA,33708.94,HIC
2029,TCA,34205.36,HIC
2030,TCA,34701.77,HIC
2031,TCA,35198.19,HIC
2032,TCA,35694.6,HIC
2033,TCA,36191.02,HIC
2034,TCA,36687.43,HIC
2035,TCA,37183.85,HIC
2025,ASM,16152.8,HIC
2026,ASM,16504.91,HIC
2027,ASM,16857.02,HIC
2028,ASM,17209.13,HIC
2029,ASM,17561.24,HIC
2030,ASM,17913.35,HIC
2031,ASM,18265.46,HIC
2032,ASM,18617.57,HIC
2033,ASM,18969.68,HIC
2034,ASM,19321.78,HIC
2035,ASM,19673.89,HIC
2025,GUM,43816.5,HIC
2026,GUM,44769.46,HIC
2027,GUM,45722.43,HIC
2028,GUM,46675.39,HIC
2029,GUM,47628.35,HIC
2030,GUM,48581.32,HIC
2031,GUM,49534.28,HIC
2032,GUM,50487.24,HIC
2033,GUM,51440.2,HIC
2034,GUM,52393.17,HIC
2035,GUM,53346.13,HIC
2025,MNP,23554.75,HIC
2026,MNP,23917.27,HIC
2027,MNP,24279.79,HIC
2028,MNP,24642.31,HIC
2029,MNP,25004.83,HIC
2030,MNP,25367.34,HIC
2031,MNP,25729.86,HIC
2032,MNP,26092.38,HIC
2033,MNP,26454.9,HIC
2034,MNP,26817.42,HIC
2035,MNP,27179.94,HIC
2025,VIR,40134.47,HIC
2026,VIR,40320.33,HIC
2027,VIR,40506.19,HIC
2028,VIR,40692.05,HIC
2029,VIR,40877.91,HIC
2030,VIR,41063.77,HIC
2031,VIR,41249.63,HIC
2032,VIR,41435.49,HIC
2033,VIR,41621.35,HIC
2034,VIR,41807.21,HIC
2035,VIR,41993.07,HIC
2025,CYM,86976.64,HIC
2026,CYM,87369.84,HIC
2027,CYM,87763.03,HIC
2028,CYM,88156.23,HIC
2029,CYM,88549.42,HIC
2030,CYM,88942.62,HIC
2031,CYM,89335.82,HIC
2032,CYM,89729.01,HIC
2033,CYM,90122.21,HIC
2034,CYM,90515.41,HIC
2035,CYM,90908.6,HIC
2025,SSD,684.03,LIC
2026,SSD,632.78,LIC
2027,SSD,581.53,LIC
2028,SSD,530.28,LIC
2029,SSD,479.03,LIC
2030,SSD,427.79,LIC
2031,SSD,376.54,LIC
2032,SSD,325.29,LIC
2033,SSD,274.04,LIC
2034,SSD,222.79,LIC
2035,SSD,171.54,LIC
2025,XKX,6181.39,UMIC
2026,XKX,6399.59,UMIC
2027,XKX,6617.79,UMIC
2028,XKX,6835.99,UMIC
2029,XKX,7054.19,UMIC
2030,XKX,7272.39,UMIC
2031,XKX,7490.59,UMIC
2032,XKX,7708.79,UMIC
2033,XKX,7927.0,UMIC
2034,XKX,8145.2,UMIC
2035,XKX,8363.4,UMIC
2025,SXM,39029.95,HIC
2026,SXM,39748.45,HIC
2027,SXM,40466.94,HIC
2028,SXM,41185.43,HIC
2029,SXM,41903.92,HIC
2030,SXM,42622.42,HIC
2031,SXM,43340.91,HIC
2032,SXM,44059.4,HIC
2033,SXM,44777.89,HIC
2034,SXM,45496.39,HIC
2035,SXM,46214.88,HIC
2025,MAF,20420.29,HIC
2026,MAF,20403.44,HIC
2027,MAF,20386.6,HIC
2028,MAF,20369.75,HIC
2029,MAF,20352.91,HIC
2030,MAF,20336.06,HIC
2031,MAF,20319.21,HIC
2032,MAF,20302.37,HIC
2033,MAF,20285.52,HIC
2034,MAF,20268.67,HIC
2035,MAF,20251.83,HIC
